countries_code,region,countries,date,total_cases,new_cases,total_deaths,new_deaths,new_tests,total_tests,positive_rate,vaccinations,vaccinated,fully_vaccinated,new_vaccinations,population
SAU,Asia,Saudi Arabia,02-03-20,1.0,1.0,0.0,0.0,160.0,160.0,0.0,0.0,0.0,0.0,0.0,34813867.0
SAU,Asia,Saudi Arabia,03-03-20,1.0,0.0,0.0,0.0,240.0,400.0,0.0,0.0,0.0,0.0,0.0,34813867.0
SAU,Asia,Saudi Arabia,04-03-20,1.0,0.0,0.0,0.0,298.0,698.0,0.0,0.0,0.0,0.0,0.0,34813867.0
SAU,Asia,Saudi Arabia,05-03-20,5.0,4.0,0.0,0.0,487.0,1185.0,0.0,0.0,0.0,0.0,0.0,34813867.0
SAU,Asia,Saudi Arabia,06-03-20,5.0,0.0,0.0,0.0,1024.0,2209.0,0.0,0.0,0.0,0.0,0.0,34813867.0
SAU,Asia,Saudi Arabia,07-03-20,5.0,0.0,0.0,0.0,1982.0,4191.0,0.0,0.0,0.0,0.0,0.0,34813867.0
SAU,Asia,Saudi Arabia,08-03-20,11.0,6.0,0.0,0.0,1788.0,5979.0,0.0,0.0,0.0,0.0,0.0,34813867.0
SAU,Asia,Saudi Arabia,09-03-20,15.0,4.0,0.0,0.0,2201.0,8180.0,0.002,0.0,0.0,0.0,0.0,34813867.0
SAU,Asia,Saudi Arabia,10-03-20,20.0,5.0,0.0,0.0,3655.0,11835.0,0.002,0.0,0.0,0.0,0.0,34813867.0
SAU,Asia,Saudi Arabia,11-03-20,21.0,1.0,0.0,0.0,2999.0,14834.0,0.001,0.0,0.0,0.0,0.0,34813867.0
SAU,Asia,Saudi Arabia,12-03-20,45.0,24.0,0.0,0.0,3644.0,18478.0,0.002,0.0,0.0,0.0,0.0,34813867.0
SAU,Asia,Saudi Arabia,13-03-20,86.0,41.0,0.0,0.0,3890.0,22368.0,0.004,0.0,0.0,0.0,0.0,34813867.0
SAU,Asia,Saudi Arabia,14-03-20,103.0,17.0,0.0,0.0,2983.0,25351.0,0.005,0.0,0.0,0.0,0.0,34813867.0
SAU,Asia,Saudi Arabia,15-03-20,103.0,0.0,0.0,0.0,2704.0,28055.0,0.004,0.0,0.0,0.0,0.0,34813867.0
SAU,Asia,Saudi Arabia,16-03-20,118.0,15.0,0.0,0.0,3555.0,31610.0,0.004,0.0,0.0,0.0,0.0,34813867.0
SAU,Asia,Saudi Arabia,17-03-20,171.0,53.0,0.0,0.0,4208.0,35818.0,0.006,0.0,0.0,0.0,0.0,34813867.0
SAU,Asia,Saudi Arabia,18-03-20,171.0,0.0,0.0,0.0,3605.0,39423.0,0.006,0.0,0.0,0.0,0.0,34813867.0
SAU,Asia,Saudi Arabia,19-03-20,274.0,103.0,0.0,0.0,4238.0,43661.0,0.009,0.0,0.0,0.0,0.0,34813867.0
SAU,Asia,Saudi Arabia,20-03-20,344.0,70.0,0.0,0.0,4776.0,48437.0,0.01,0.0,0.0,0.0,0.0,34813867.0
SAU,Asia,Saudi Arabia,21-03-20,392.0,48.0,0.0,0.0,5698.0,54135.0,0.01,0.0,0.0,0.0,0.0,34813867.0
SAU,Asia,Saudi Arabia,22-03-20,511.0,119.0,0.0,0.0,6033.0,60168.0,0.013,0.0,0.0,0.0,0.0,34813867.0
SAU,Asia,Saudi Arabia,23-03-20,562.0,51.0,0.0,0.0,7002.0,67170.0,0.012,0.0,0.0,0.0,0.0,34813867.0
SAU,Asia,Saudi Arabia,24-03-20,767.0,205.0,1.0,1.0,5911.0,73081.0,0.016,0.0,0.0,0.0,0.0,34813867.0
SAU,Asia,Saudi Arabia,25-03-20,900.0,133.0,2.0,1.0,4997.0,78078.0,0.019,0.0,0.0,0.0,0.0,34813867.0
SAU,Asia,Saudi Arabia,26-03-20,1012.0,112.0,3.0,1.0,5673.0,83751.0,0.018,0.0,0.0,0.0,0.0,34813867.0
SAU,Asia,Saudi Arabia,27-03-20,1104.0,92.0,3.0,0.0,6109.0,89860.0,0.018,0.0,0.0,0.0,0.0,34813867.0
SAU,Asia,Saudi Arabia,28-03-20,1203.0,99.0,4.0,1.0,5944.0,95804.0,0.019,0.0,0.0,0.0,0.0,34813867.0
SAU,Asia,Saudi Arabia,29-03-20,1299.0,96.0,8.0,4.0,6265.0,102069.0,0.019,0.0,0.0,0.0,0.0,34813867.0
SAU,Asia,Saudi Arabia,30-03-20,1453.0,154.0,8.0,0.0,6894.0,108963.0,0.021,0.0,0.0,0.0,0.0,34813867.0
SAU,Asia,Saudi Arabia,31-03-20,1563.0,110.0,10.0,2.0,7362.0,116325.0,0.018,0.0,0.0,0.0,0.0,34813867.0
SAU,Asia,Saudi Arabia,01-04-20,1720.0,157.0,16.0,6.0,7381.0,123706.0,0.018,0.0,0.0,0.0,0.0,34813867.0
SAU,Asia,Saudi Arabia,02-04-20,1885.0,165.0,21.0,5.0,7688.0,131394.0,0.018,0.0,0.0,0.0,0.0,34813867.0
SAU,Asia,Saudi Arabia,03-04-20,2039.0,154.0,25.0,4.0,8012.0,139406.0,0.019,0.0,0.0,0.0,0.0,34813867.0
SAU,Asia,Saudi Arabia,04-04-20,2179.0,140.0,29.0,4.0,7779.0,147185.0,0.019,0.0,0.0,0.0,0.0,34813867.0
SAU,Asia,Saudi Arabia,05-04-20,2402.0,223.0,34.0,5.0,6778.0,153963.0,0.021,0.0,0.0,0.0,0.0,34813867.0
SAU,Asia,Saudi Arabia,06-04-20,2605.0,203.0,38.0,4.0,6832.0,160795.0,0.022,0.0,0.0,0.0,0.0,34813867.0
SAU,Asia,Saudi Arabia,07-04-20,2795.0,190.0,41.0,3.0,6384.0,167179.0,0.024,0.0,0.0,0.0,0.0,34813867.0
SAU,Asia,Saudi Arabia,08-04-20,2932.0,137.0,41.0,0.0,6387.0,173566.0,0.024,0.0,0.0,0.0,0.0,34813867.0
SAU,Asia,Saudi Arabia,09-04-20,3287.0,355.0,44.0,3.0,6819.0,180385.0,0.029,0.0,0.0,0.0,0.0,34813867.0
SAU,Asia,Saudi Arabia,10-04-20,3651.0,364.0,47.0,3.0,7441.0,187826.0,0.033,0.0,0.0,0.0,0.0,34813867.0
SAU,Asia,Saudi Arabia,11-04-20,4033.0,382.0,52.0,5.0,8993.0,196819.0,0.037,0.0,0.0,0.0,0.0,34813867.0
SAU,Asia,Saudi Arabia,12-04-20,4462.0,429.0,59.0,7.0,7365.0,204184.0,0.041,0.0,0.0,0.0,0.0,34813867.0
SAU,Asia,Saudi Arabia,13-04-20,4934.0,472.0,65.0,6.0,8219.0,212403.0,0.045,0.0,0.0,0.0,0.0,34813867.0
SAU,Asia,Saudi Arabia,14-04-20,5369.0,435.0,73.0,8.0,8388.0,220791.0,0.048,0.0,0.0,0.0,0.0,34813867.0
SAU,Asia,Saudi Arabia,15-04-20,5862.0,493.0,79.0,6.0,7669.0,228460.0,0.053,0.0,0.0,0.0,0.0,34813867.0
SAU,Asia,Saudi Arabia,16-04-20,6380.0,518.0,83.0,4.0,8256.0,236716.0,0.055,0.0,0.0,0.0,0.0,34813867.0
SAU,Asia,Saudi Arabia,17-04-20,7142.0,762.0,87.0,4.0,9006.0,245722.0,0.06,0.0,0.0,0.0,0.0,34813867.0
SAU,Asia,Saudi Arabia,18-04-20,8274.0,1132.0,92.0,5.0,8733.0,254455.0,0.074,0.0,0.0,0.0,0.0,34813867.0
SAU,Asia,Saudi Arabia,19-04-20,9362.0,1088.0,97.0,5.0,9578.0,264033.0,0.082,0.0,0.0,0.0,0.0,34813867.0
SAU,Asia,Saudi Arabia,20-04-20,10484.0,1122.0,103.0,6.0,9260.0,273293.0,0.091,0.0,0.0,0.0,0.0,34813867.0
SAU,Asia,Saudi Arabia,21-04-20,11631.0,1147.0,109.0,6.0,9222.0,282515.0,0.101,0.0,0.0,0.0,0.0,34813867.0
SAU,Asia,Saudi Arabia,22-04-20,12772.0,1141.0,114.0,5.0,10340.0,292855.0,0.107,0.0,0.0,0.0,0.0,34813867.0
SAU,Asia,Saudi Arabia,23-04-20,13930.0,1158.0,121.0,7.0,8547.0,301402.0,0.117,0.0,0.0,0.0,0.0,34813867.0
SAU,Asia,Saudi Arabia,24-04-20,15102.0,1172.0,127.0,6.0,10203.0,311605.0,0.121,0.0,0.0,0.0,0.0,34813867.0
SAU,Asia,Saudi Arabia,25-04-20,16299.0,1197.0,136.0,9.0,9055.0,320660.0,0.121,0.0,0.0,0.0,0.0,34813867.0
SAU,Asia,Saudi Arabia,26-04-20,17522.0,1223.0,139.0,3.0,8967.0,329627.0,0.124,0.0,0.0,0.0,0.0,34813867.0
SAU,Asia,Saudi Arabia,27-04-20,18811.0,1289.0,144.0,5.0,9325.0,338952.0,0.127,0.0,0.0,0.0,0.0,34813867.0
SAU,Asia,Saudi Arabia,28-04-20,20077.0,1266.0,152.0,8.0,10887.0,349839.0,0.125,0.0,0.0,0.0,0.0,34813867.0
SAU,Asia,Saudi Arabia,29-04-20,21402.0,1325.0,157.0,5.0,9658.0,359497.0,0.13,0.0,0.0,0.0,0.0,34813867.0
SAU,Asia,Saudi Arabia,30-04-20,22753.0,1351.0,162.0,5.0,9288.0,368785.0,0.131,0.0,0.0,0.0,0.0,34813867.0
SAU,Asia,Saudi Arabia,01-05-20,24097.0,1344.0,169.0,7.0,12820.0,381605.0,0.128,0.0,0.0,0.0,0.0,34813867.0
SAU,Asia,Saudi Arabia,02-05-20,25459.0,1362.0,176.0,7.0,12780.0,394385.0,0.124,0.0,0.0,0.0,0.0,34813867.0
SAU,Asia,Saudi Arabia,03-05-20,27011.0,1552.0,184.0,8.0,12006.0,406391.0,0.124,0.0,0.0,0.0,0.0,34813867.0
SAU,Asia,Saudi Arabia,04-05-20,28656.0,1645.0,191.0,7.0,11514.0,417905.0,0.125,0.0,0.0,0.0,0.0,34813867.0
SAU,Asia,Saudi Arabia,05-05-20,30251.0,1595.0,200.0,9.0,13052.0,430957.0,0.125,0.0,0.0,0.0,0.0,34813867.0
SAU,Asia,Saudi Arabia,06-05-20,31938.0,1687.0,209.0,9.0,16026.0,446983.0,0.12,0.0,0.0,0.0,0.0,34813867.0
SAU,Asia,Saudi Arabia,07-05-20,33731.0,1793.0,219.0,10.0,13037.0,460020.0,0.12,0.0,0.0,0.0,0.0,34813867.0
SAU,Asia,Saudi Arabia,08-05-20,35432.0,1701.0,229.0,10.0,14778.0,474798.0,0.122,0.0,0.0,0.0,0.0,34813867.0
SAU,Asia,Saudi Arabia,09-05-20,37136.0,1704.0,239.0,10.0,16144.0,490942.0,0.121,0.0,0.0,0.0,0.0,34813867.0
SAU,Asia,Saudi Arabia,10-05-20,39048.0,1912.0,246.0,7.0,17725.0,508667.0,0.118,0.0,0.0,0.0,0.0,34813867.0
SAU,Asia,Saudi Arabia,11-05-20,41014.0,1966.0,255.0,9.0,15005.0,523672.0,0.117,0.0,0.0,0.0,0.0,34813867.0
SAU,Asia,Saudi Arabia,12-05-20,42925.0,1911.0,264.0,9.0,14574.0,538246.0,0.118,0.0,0.0,0.0,0.0,34813867.0
SAU,Asia,Saudi Arabia,13-05-20,44830.0,1905.0,273.0,9.0,16639.0,554885.0,0.119,0.0,0.0,0.0,0.0,34813867.0
SAU,Asia,Saudi Arabia,14-05-20,46869.0,2039.0,283.0,10.0,16678.0,571563.0,0.118,0.0,0.0,0.0,0.0,34813867.0
SAU,Asia,Saudi Arabia,15-05-20,49176.0,2307.0,292.0,9.0,17758.0,589321.0,0.12,0.0,0.0,0.0,0.0,34813867.0
SAU,Asia,Saudi Arabia,16-05-20,52016.0,2840.0,302.0,10.0,38382.0,627703.0,0.109,0.0,0.0,0.0,0.0,34813867.0
SAU,Asia,Saudi Arabia,17-05-20,54752.0,2736.0,312.0,10.0,15549.0,643252.0,0.117,0.0,0.0,0.0,0.0,34813867.0
SAU,Asia,Saudi Arabia,18-05-20,57345.0,2593.0,320.0,8.0,16130.0,659382.0,0.12,0.0,0.0,0.0,0.0,34813867.0
SAU,Asia,Saudi Arabia,19-05-20,59854.0,2509.0,329.0,9.0,18094.0,677476.0,0.122,0.0,0.0,0.0,0.0,34813867.0
SAU,Asia,Saudi Arabia,20-05-20,62545.0,2691.0,339.0,10.0,14980.0,692456.0,0.129,0.0,0.0,0.0,0.0,34813867.0
SAU,Asia,Saudi Arabia,21-05-20,65077.0,2532.0,351.0,12.0,15899.0,708355.0,0.133,0.0,0.0,0.0,0.0,34813867.0
SAU,Asia,Saudi Arabia,22-05-20,67719.0,2642.0,364.0,13.0,17558.0,725913.0,0.136,0.0,0.0,0.0,0.0,34813867.0
SAU,Asia,Saudi Arabia,23-05-20,70161.0,2442.0,379.0,15.0,18919.0,744832.0,0.155,0.0,0.0,0.0,0.0,34813867.0
SAU,Asia,Saudi Arabia,24-05-20,72560.0,2399.0,390.0,11.0,18545.0,763377.0,0.148,0.0,0.0,0.0,0.0,34813867.0
SAU,Asia,Saudi Arabia,25-05-20,74795.0,2235.0,399.0,9.0,16664.0,780041.0,0.145,0.0,0.0,0.0,0.0,34813867.0
SAU,Asia,Saudi Arabia,26-05-20,76726.0,1931.0,411.0,12.0,15525.0,795566.0,0.143,0.0,0.0,0.0,0.0,34813867.0
SAU,Asia,Saudi Arabia,27-05-20,78541.0,1815.0,425.0,14.0,16428.0,811994.0,0.134,0.0,0.0,0.0,0.0,34813867.0
SAU,Asia,Saudi Arabia,28-05-20,80185.0,1644.0,441.0,16.0,16769.0,828763.0,0.125,0.0,0.0,0.0,0.0,34813867.0
SAU,Asia,Saudi Arabia,29-05-20,81766.0,1581.0,458.0,17.0,19104.0,847867.0,0.115,0.0,0.0,0.0,0.0,34813867.0
SAU,Asia,Saudi Arabia,30-05-20,83384.0,1618.0,480.0,22.0,16200.0,864067.0,0.111,0.0,0.0,0.0,0.0,34813867.0
SAU,Asia,Saudi Arabia,31-05-20,85261.0,1877.0,503.0,23.0,15854.0,879921.0,0.109,0.0,0.0,0.0,0.0,34813867.0
SAU,Asia,Saudi Arabia,01-06-20,87142.0,1881.0,525.0,22.0,15364.0,895285.0,0.107,0.0,0.0,0.0,0.0,34813867.0
SAU,Asia,Saudi Arabia,02-06-20,89011.0,1869.0,549.0,24.0,16976.0,912261.0,0.105,0.0,0.0,0.0,0.0,34813867.0
SAU,Asia,Saudi Arabia,03-06-20,91182.0,2171.0,579.0,30.0,16246.0,928507.0,0.108,0.0,0.0,0.0,0.0,34813867.0
SAU,Asia,Saudi Arabia,04-06-20,93157.0,1975.0,611.0,32.0,21763.0,950270.0,0.107,0.0,0.0,0.0,0.0,34813867.0
SAU,Asia,Saudi Arabia,05-06-20,95748.0,2591.0,642.0,31.0,24229.0,974499.0,0.11,0.0,0.0,0.0,0.0,34813867.0
SAU,Asia,Saudi Arabia,06-06-20,98869.0,3121.0,676.0,34.0,25036.0,999535.0,0.114,0.0,0.0,0.0,0.0,34813867.0
SAU,Asia,Saudi Arabia,07-06-20,101914.0,3045.0,712.0,36.0,18578.0,1018113.0,0.121,0.0,0.0,0.0,0.0,34813867.0
SAU,Asia,Saudi Arabia,08-06-20,105283.0,3369.0,746.0,34.0,20858.0,1038971.0,0.126,0.0,0.0,0.0,0.0,34813867.0
SAU,Asia,Saudi Arabia,09-06-20,108571.0,3288.0,783.0,37.0,22139.0,1061110.0,0.131,0.0,0.0,0.0,0.0,34813867.0
SAU,Asia,Saudi Arabia,10-06-20,112288.0,3717.0,819.0,36.0,22500.0,1083610.0,0.136,0.0,0.0,0.0,0.0,34813867.0
SAU,Asia,Saudi Arabia,11-06-20,116021.0,3733.0,857.0,38.0,27324.0,1110934.0,0.142,0.0,0.0,0.0,0.0,34813867.0
SAU,Asia,Saudi Arabia,12-06-20,119942.0,3921.0,893.0,36.0,17385.0,1128319.0,0.157,0.0,0.0,0.0,0.0,34813867.0
SAU,Asia,Saudi Arabia,13-06-20,123308.0,3366.0,932.0,39.0,19377.0,1147696.0,0.165,0.0,0.0,0.0,0.0,34813867.0
SAU,Asia,Saudi Arabia,14-06-20,127541.0,4233.0,972.0,40.0,20255.0,1167951.0,0.171,0.0,0.0,0.0,0.0,34813867.0
SAU,Asia,Saudi Arabia,15-06-20,132048.0,4507.0,1011.0,39.0,17629.0,1185580.0,0.183,0.0,0.0,0.0,0.0,34813867.0
SAU,Asia,Saudi Arabia,16-06-20,136315.0,4267.0,1052.0,41.0,23484.0,1209064.0,0.188,0.0,0.0,0.0,0.0,34813867.0
SAU,Asia,Saudi Arabia,17-06-20,141234.0,4919.0,1091.0,39.0,30507.0,1239571.0,0.186,0.0,0.0,0.0,0.0,34813867.0
SAU,Asia,Saudi Arabia,18-06-20,145991.0,4757.0,1139.0,48.0,26016.0,1265587.0,0.194,0.0,0.0,0.0,0.0,34813867.0
SAU,Asia,Saudi Arabia,19-06-20,150292.0,4301.0,1184.0,45.0,24708.0,1290295.0,0.187,0.0,0.0,0.0,0.0,34813867.0
SAU,Asia,Saudi Arabia,20-06-20,154233.0,3941.0,1230.0,46.0,35656.0,1325951.0,0.173,0.0,0.0,0.0,0.0,34813867.0
SAU,Asia,Saudi Arabia,21-06-20,157612.0,3379.0,1267.0,37.0,33614.0,1359565.0,0.157,0.0,0.0,0.0,0.0,34813867.0
SAU,Asia,Saudi Arabia,22-06-20,161005.0,3393.0,1307.0,40.0,27253.0,1386818.0,0.144,0.0,0.0,0.0,0.0,34813867.0
SAU,Asia,Saudi Arabia,23-06-20,164144.0,3139.0,1346.0,39.0,34511.0,1421329.0,0.131,0.0,0.0,0.0,0.0,34813867.0
SAU,Asia,Saudi Arabia,24-06-20,167267.0,3123.0,1387.0,41.0,37740.0,1459069.0,0.119,0.0,0.0,0.0,0.0,34813867.0
SAU,Asia,Saudi Arabia,25-06-20,170639.0,3372.0,1428.0,41.0,38470.0,1497539.0,0.106,0.0,0.0,0.0,0.0,34813867.0
SAU,Asia,Saudi Arabia,26-06-20,174577.0,3938.0,1474.0,46.0,44275.0,1541814.0,0.097,0.0,0.0,0.0,0.0,34813867.0
SAU,Asia,Saudi Arabia,27-06-20,178504.0,3927.0,1511.0,37.0,45521.0,1587335.0,0.093,0.0,0.0,0.0,0.0,34813867.0
SAU,Asia,Saudi Arabia,28-06-20,182493.0,3989.0,1551.0,40.0,45104.0,1632439.0,0.091,0.0,0.0,0.0,0.0,34813867.0
SAU,Asia,Saudi Arabia,29-06-20,186436.0,3943.0,1599.0,48.0,48173.0,1680612.0,0.087,0.0,0.0,0.0,0.0,34813867.0
SAU,Asia,Saudi Arabia,30-06-20,190823.0,4387.0,1649.0,50.0,35173.0,1715785.0,0.091,0.0,0.0,0.0,0.0,34813867.0
SAU,Asia,Saudi Arabia,01-07-20,194225.0,3402.0,1698.0,49.0,53214.0,1768999.0,0.087,0.0,0.0,0.0,0.0,34813867.0
SAU,Asia,Saudi Arabia,02-07-20,197608.0,3383.0,1752.0,54.0,43927.0,1812926.0,0.086,0.0,0.0,0.0,0.0,34813867.0
SAU,Asia,Saudi Arabia,03-07-20,201801.0,4193.0,1802.0,50.0,52135.0,1865061.0,0.084,0.0,0.0,0.0,0.0,34813867.0
SAU,Asia,Saudi Arabia,04-07-20,205929.0,4128.0,1858.0,56.0,50564.0,1915625.0,0.084,0.0,0.0,0.0,0.0,34813867.0
SAU,Asia,Saudi Arabia,05-07-20,209509.0,3580.0,1916.0,58.0,60064.0,1975689.0,0.079,0.0,0.0,0.0,0.0,34813867.0
SAU,Asia,Saudi Arabia,06-07-20,213716.0,4207.0,1968.0,52.0,42968.0,2018657.0,0.081,0.0,0.0,0.0,0.0,34813867.0
SAU,Asia,Saudi Arabia,07-07-20,217108.0,3392.0,2017.0,49.0,56324.0,2074981.0,0.073,0.0,0.0,0.0,0.0,34813867.0
SAU,Asia,Saudi Arabia,08-07-20,220144.0,3036.0,2059.0,42.0,56311.0,2131292.0,0.072,0.0,0.0,0.0,0.0,34813867.0
SAU,Asia,Saudi Arabia,09-07-20,223327.0,3183.0,2100.0,41.0,57630.0,2188922.0,0.068,0.0,0.0,0.0,0.0,34813867.0
SAU,Asia,Saudi Arabia,10-07-20,226486.0,3159.0,2151.0,51.0,50000.0,2238922.0,0.066,0.0,0.0,0.0,0.0,34813867.0
SAU,Asia,Saudi Arabia,11-07-20,229480.0,2994.0,2181.0,30.0,47587.0,2286509.0,0.064,0.0,0.0,0.0,0.0,34813867.0
SAU,Asia,Saudi Arabia,12-07-20,232259.0,2779.0,2223.0,42.0,69313.0,2355822.0,0.06,0.0,0.0,0.0,0.0,34813867.0
SAU,Asia,Saudi Arabia,13-07-20,235111.0,2852.0,2243.0,20.0,43957.0,2399779.0,0.056,0.0,0.0,0.0,0.0,34813867.0
SAU,Asia,Saudi Arabia,14-07-20,237803.0,2692.0,2283.0,40.0,62168.0,2461947.0,0.053,0.0,0.0,0.0,0.0,34813867.0
SAU,Asia,Saudi Arabia,15-07-20,240474.0,2671.0,2325.0,42.0,61348.0,2523295.0,0.052,0.0,0.0,0.0,0.0,34813867.0
SAU,Asia,Saudi Arabia,16-07-20,243238.0,2764.0,2370.0,45.0,68707.0,2592002.0,0.049,0.0,0.0,0.0,0.0,34813867.0
SAU,Asia,Saudi Arabia,17-07-20,245851.0,2613.0,2407.0,37.0,65522.0,2657524.0,0.046,0.0,0.0,0.0,0.0,34813867.0
SAU,Asia,Saudi Arabia,18-07-20,248416.0,2565.0,2447.0,40.0,51298.0,2708822.0,0.045,0.0,0.0,0.0,0.0,34813867.0
SAU,Asia,Saudi Arabia,19-07-20,250920.0,2504.0,2486.0,39.0,60656.0,2769478.0,0.045,0.0,0.0,0.0,0.0,34813867.0
SAU,Asia,Saudi Arabia,20-07-20,253349.0,2429.0,2523.0,37.0,59608.0,2829086.0,0.042,0.0,0.0,0.0,0.0,34813867.0
SAU,Asia,Saudi Arabia,21-07-20,255825.0,2476.0,2557.0,34.0,55338.0,2884424.0,0.043,0.0,0.0,0.0,0.0,34813867.0
SAU,Asia,Saudi Arabia,22-07-20,258156.0,2331.0,2601.0,44.0,60530.0,2944954.0,0.042,0.0,0.0,0.0,0.0,34813867.0
SAU,Asia,Saudi Arabia,23-07-20,260394.0,2238.0,2635.0,34.0,55660.0,3000614.0,0.042,0.0,0.0,0.0,0.0,34813867.0
SAU,Asia,Saudi Arabia,24-07-20,262772.0,2378.0,2672.0,37.0,55970.0,3056584.0,0.042,0.0,0.0,0.0,0.0,34813867.0
SAU,Asia,Saudi Arabia,25-07-20,264973.0,2201.0,2703.0,31.0,60374.0,3116958.0,0.041,0.0,0.0,0.0,0.0,34813867.0
SAU,Asia,Saudi Arabia,26-07-20,266941.0,1968.0,2733.0,30.0,56951.0,3173909.0,0.04,0.0,0.0,0.0,0.0,34813867.0
SAU,Asia,Saudi Arabia,27-07-20,268934.0,1993.0,2760.0,27.0,67295.0,3241204.0,0.038,0.0,0.0,0.0,0.0,34813867.0
SAU,Asia,Saudi Arabia,28-07-20,270831.0,1897.0,2789.0,29.0,66003.0,3307207.0,0.035,0.0,0.0,0.0,0.0,34813867.0
SAU,Asia,Saudi Arabia,29-07-20,272590.0,1759.0,2816.0,27.0,55119.0,3362326.0,0.035,0.0,0.0,0.0,0.0,34813867.0
SAU,Asia,Saudi Arabia,30-07-20,274219.0,1629.0,2842.0,26.0,64007.0,3426333.0,0.032,0.0,0.0,0.0,0.0,34813867.0
SAU,Asia,Saudi Arabia,31-07-20,275905.0,1686.0,2866.0,24.0,48305.0,3474638.0,0.031,0.0,0.0,0.0,0.0,34813867.0
SAU,Asia,Saudi Arabia,01-08-20,277478.0,1573.0,2887.0,21.0,39824.0,3514462.0,0.031,0.0,0.0,0.0,0.0,34813867.0
SAU,Asia,Saudi Arabia,02-08-20,278835.0,1357.0,2917.0,30.0,44519.0,3558981.0,0.031,0.0,0.0,0.0,0.0,34813867.0
SAU,Asia,Saudi Arabia,03-08-20,280093.0,1258.0,2949.0,32.0,57483.0,3616464.0,0.03,0.0,0.0,0.0,0.0,34813867.0
SAU,Asia,Saudi Arabia,04-08-20,281456.0,1363.0,2984.0,35.0,55257.0,3671721.0,0.029,0.0,0.0,0.0,0.0,34813867.0
SAU,Asia,Saudi Arabia,05-08-20,282824.0,1368.0,3020.0,36.0,58724.0,3730445.0,0.028,0.0,0.0,0.0,0.0,34813867.0
SAU,Asia,Saudi Arabia,06-08-20,284226.0,1402.0,3055.0,35.0,61457.0,3791902.0,0.027,0.0,0.0,0.0,0.0,34813867.0
SAU,Asia,Saudi Arabia,07-08-20,285793.0,1567.0,3093.0,38.0,64004.0,3855906.0,0.026,0.0,0.0,0.0,0.0,34813867.0
SAU,Asia,Saudi Arabia,08-08-20,287262.0,1469.0,3130.0,37.0,61582.0,3917488.0,0.024,0.0,0.0,0.0,0.0,34813867.0
SAU,Asia,Saudi Arabia,09-08-20,288690.0,1428.0,3167.0,37.0,62483.0,3979971.0,0.023,0.0,0.0,0.0,0.0,34813867.0
SAU,Asia,Saudi Arabia,10-08-20,289947.0,1257.0,3199.0,32.0,63986.0,4043957.0,0.023,0.0,0.0,0.0,0.0,34813867.0
SAU,Asia,Saudi Arabia,11-08-20,291468.0,1521.0,3233.0,34.0,70834.0,4114791.0,0.023,0.0,0.0,0.0,0.0,34813867.0
SAU,Asia,Saudi Arabia,12-08-20,293037.0,1569.0,3269.0,36.0,73912.0,4188703.0,0.022,0.0,0.0,0.0,0.0,34813867.0
SAU,Asia,Saudi Arabia,13-08-20,294519.0,1482.0,3303.0,34.0,69505.0,4258208.0,0.022,0.0,0.0,0.0,0.0,34813867.0
SAU,Asia,Saudi Arabia,14-08-20,295902.0,1383.0,3338.0,35.0,67030.0,4325238.0,0.022,0.0,0.0,0.0,0.0,34813867.0
SAU,Asia,Saudi Arabia,15-08-20,297315.0,1413.0,3369.0,31.0,63174.0,4388412.0,0.021,0.0,0.0,0.0,0.0,34813867.0
SAU,Asia,Saudi Arabia,16-08-20,298542.0,1227.0,3408.0,39.0,58771.0,4447183.0,0.021,0.0,0.0,0.0,0.0,34813867.0
SAU,Asia,Saudi Arabia,17-08-20,299914.0,1372.0,3436.0,28.0,63870.0,4511053.0,0.021,0.0,0.0,0.0,0.0,34813867.0
SAU,Asia,Saudi Arabia,18-08-20,301323.0,1409.0,3470.0,34.0,64225.0,4575278.0,0.021,0.0,0.0,0.0,0.0,34813867.0
SAU,Asia,Saudi Arabia,19-08-20,302686.0,1363.0,3506.0,36.0,64778.0,4640056.0,0.021,0.0,0.0,0.0,0.0,34813867.0
SAU,Asia,Saudi Arabia,20-08-20,303973.0,1287.0,3548.0,42.0,65571.0,4705627.0,0.021,0.0,0.0,0.0,0.0,34813867.0
SAU,Asia,Saudi Arabia,21-08-20,305186.0,1213.0,3580.0,32.0,62278.0,4767905.0,0.021,0.0,0.0,0.0,0.0,34813867.0
SAU,Asia,Saudi Arabia,22-08-20,306370.0,1184.0,3619.0,39.0,55471.0,4823376.0,0.021,0.0,0.0,0.0,0.0,34813867.0
SAU,Asia,Saudi Arabia,23-08-20,307479.0,1109.0,3649.0,30.0,61693.0,4885069.0,0.02,0.0,0.0,0.0,0.0,34813867.0
SAU,Asia,Saudi Arabia,24-08-20,308654.0,1175.0,3691.0,42.0,61865.0,4946934.0,0.02,0.0,0.0,0.0,0.0,34813867.0
SAU,Asia,Saudi Arabia,25-08-20,309768.0,1114.0,3722.0,31.0,61625.0,5008559.0,0.019,0.0,0.0,0.0,0.0,34813867.0
SAU,Asia,Saudi Arabia,26-08-20,310836.0,1068.0,3755.0,33.0,66423.0,5074982.0,0.019,0.0,0.0,0.0,0.0,34813867.0
SAU,Asia,Saudi Arabia,27-08-20,311855.0,1019.0,3785.0,30.0,63353.0,5138335.0,0.018,0.0,0.0,0.0,0.0,34813867.0
SAU,Asia,Saudi Arabia,28-08-20,312924.0,1069.0,3813.0,28.0,55166.0,5193501.0,0.018,0.0,0.0,0.0,0.0,34813867.0
SAU,Asia,Saudi Arabia,29-08-20,313911.0,987.0,3840.0,27.0,40624.0,5234125.0,0.018,0.0,0.0,0.0,0.0,34813867.0
SAU,Asia,Saudi Arabia,30-08-20,314821.0,910.0,3870.0,30.0,50094.0,5284219.0,0.018,0.0,0.0,0.0,0.0,34813867.0
SAU,Asia,Saudi Arabia,31-08-20,315772.0,951.0,3897.0,27.0,53147.0,5337366.0,0.018,0.0,0.0,0.0,0.0,34813867.0
SAU,Asia,Saudi Arabia,01-09-20,316670.0,898.0,3929.0,32.0,55801.0,5393167.0,0.018,0.0,0.0,0.0,0.0,34813867.0
SAU,Asia,Saudi Arabia,02-09-20,317486.0,816.0,3956.0,27.0,51811.0,5444978.0,0.018,0.0,0.0,0.0,0.0,34813867.0
SAU,Asia,Saudi Arabia,03-09-20,318319.0,833.0,3982.0,26.0,55805.0,5500783.0,0.018,0.0,0.0,0.0,0.0,34813867.0
SAU,Asia,Saudi Arabia,04-09-20,319141.0,822.0,4015.0,33.0,53168.0,5553951.0,0.017,0.0,0.0,0.0,0.0,34813867.0
SAU,Asia,Saudi Arabia,05-09-20,319932.0,791.0,4049.0,34.0,44823.0,5598774.0,0.017,0.0,0.0,0.0,0.0,34813867.0
SAU,Asia,Saudi Arabia,06-09-20,320688.0,756.0,4081.0,32.0,47329.0,5646103.0,0.016,0.0,0.0,0.0,0.0,34813867.0
SAU,Asia,Saudi Arabia,07-09-20,321456.0,768.0,4107.0,26.0,51848.0,5697951.0,0.016,0.0,0.0,0.0,0.0,34813867.0
SAU,Asia,Saudi Arabia,08-09-20,322237.0,781.0,4137.0,30.0,52363.0,5750314.0,0.016,0.0,0.0,0.0,0.0,34813867.0
SAU,Asia,Saudi Arabia,09-09-20,323012.0,775.0,4165.0,28.0,44449.0,5794763.0,0.016,0.0,0.0,0.0,0.0,34813867.0
SAU,Asia,Saudi Arabia,10-09-20,323720.0,708.0,4189.0,24.0,58742.0,5853505.0,0.015,0.0,0.0,0.0,0.0,34813867.0
SAU,Asia,Saudi Arabia,11-09-20,324407.0,687.0,4213.0,24.0,44336.0,5897841.0,0.015,0.0,0.0,0.0,0.0,34813867.0
SAU,Asia,Saudi Arabia,12-09-20,325050.0,643.0,4240.0,27.0,39380.0,5937221.0,0.015,0.0,0.0,0.0,0.0,34813867.0
SAU,Asia,Saudi Arabia,13-09-20,325651.0,601.0,4268.0,28.0,47183.0,5984404.0,0.015,0.0,0.0,0.0,0.0,34813867.0
SAU,Asia,Saudi Arabia,14-09-20,326258.0,607.0,4305.0,37.0,54611.0,6039015.0,0.014,0.0,0.0,0.0,0.0,34813867.0
SAU,Asia,Saudi Arabia,15-09-20,326930.0,672.0,4338.0,33.0,53352.0,6092367.0,0.014,0.0,0.0,0.0,0.0,34813867.0
SAU,Asia,Saudi Arabia,16-09-20,327551.0,621.0,4369.0,31.0,52193.0,6144560.0,0.013,0.0,0.0,0.0,0.0,34813867.0
SAU,Asia,Saudi Arabia,17-09-20,328144.0,593.0,4399.0,30.0,52858.0,6197418.0,0.013,0.0,0.0,0.0,0.0,34813867.0
SAU,Asia,Saudi Arabia,18-09-20,328720.0,576.0,4430.0,31.0,46190.0,6243608.0,0.012,0.0,0.0,0.0,0.0,34813867.0
SAU,Asia,Saudi Arabia,19-09-20,329271.0,551.0,4458.0,28.0,43191.0,6286799.0,0.012,0.0,0.0,0.0,0.0,34813867.0
SAU,Asia,Saudi Arabia,20-09-20,329754.0,483.0,4485.0,27.0,46810.0,6333609.0,0.012,0.0,0.0,0.0,0.0,34813867.0
SAU,Asia,Saudi Arabia,21-09-20,330246.0,492.0,4512.0,27.0,51525.0,6385134.0,0.012,0.0,0.0,0.0,0.0,34813867.0
SAU,Asia,Saudi Arabia,22-09-20,330798.0,552.0,4542.0,30.0,48854.0,6433988.0,0.011,0.0,0.0,0.0,0.0,34813867.0
SAU,Asia,Saudi Arabia,23-09-20,331359.0,561.0,4569.0,27.0,46037.0,6480025.0,0.011,0.0,0.0,0.0,0.0,34813867.0
SAU,Asia,Saudi Arabia,24-09-20,331857.0,498.0,4599.0,30.0,38698.0,6518723.0,0.012,0.0,0.0,0.0,0.0,34813867.0
SAU,Asia,Saudi Arabia,25-09-20,332329.0,472.0,4625.0,26.0,38528.0,6557251.0,0.012,0.0,0.0,0.0,0.0,34813867.0
SAU,Asia,Saudi Arabia,26-09-20,332790.0,461.0,4655.0,30.0,34300.0,6591551.0,0.012,0.0,0.0,0.0,0.0,34813867.0
SAU,Asia,Saudi Arabia,27-09-20,333193.0,403.0,4683.0,28.0,44112.0,6635663.0,0.011,0.0,0.0,0.0,0.0,34813867.0
SAU,Asia,Saudi Arabia,28-09-20,333648.0,455.0,4712.0,29.0,51676.0,6687339.0,0.011,0.0,0.0,0.0,0.0,34813867.0
SAU,Asia,Saudi Arabia,29-09-20,334187.0,539.0,4739.0,27.0,47320.0,6734659.0,0.011,0.0,0.0,0.0,0.0,34813867.0
SAU,Asia,Saudi Arabia,30-09-20,334605.0,418.0,4768.0,29.0,49535.0,6784194.0,0.011,0.0,0.0,0.0,0.0,34813867.0
SAU,Asia,Saudi Arabia,01-10-20,335097.0,492.0,4794.0,26.0,51632.0,6835826.0,0.01,0.0,0.0,0.0,0.0,34813867.0
SAU,Asia,Saudi Arabia,02-10-20,335578.0,481.0,4823.0,29.0,46019.0,6881845.0,0.01,0.0,0.0,0.0,0.0,34813867.0
SAU,Asia,Saudi Arabia,03-10-20,335997.0,419.0,4850.0,27.0,39340.0,6921185.0,0.01,0.0,0.0,0.0,0.0,34813867.0
SAU,Asia,Saudi Arabia,04-10-20,336387.0,390.0,4875.0,25.0,47129.0,6968314.0,0.01,0.0,0.0,0.0,0.0,34813867.0
SAU,Asia,Saudi Arabia,05-10-20,336766.0,379.0,4898.0,23.0,50785.0,7019099.0,0.009,0.0,0.0,0.0,0.0,34813867.0
SAU,Asia,Saudi Arabia,06-10-20,337243.0,477.0,4923.0,25.0,52184.0,7071283.0,0.009,0.0,0.0,0.0,0.0,34813867.0
SAU,Asia,Saudi Arabia,07-10-20,337711.0,468.0,4947.0,24.0,48341.0,7119624.0,0.009,0.0,0.0,0.0,0.0,34813867.0
SAU,Asia,Saudi Arabia,08-10-20,338132.0,421.0,4972.0,25.0,53894.0,7173518.0,0.009,0.0,0.0,0.0,0.0,34813867.0
SAU,Asia,Saudi Arabia,09-10-20,338539.0,407.0,4996.0,24.0,46189.0,7219707.0,0.009,0.0,0.0,0.0,0.0,34813867.0
SAU,Asia,Saudi Arabia,10-10-20,338944.0,405.0,5018.0,22.0,38239.0,7257946.0,0.009,0.0,0.0,0.0,0.0,34813867.0
SAU,Asia,Saudi Arabia,11-10-20,339267.0,323.0,5043.0,25.0,45703.0,7303649.0,0.009,0.0,0.0,0.0,0.0,34813867.0
SAU,Asia,Saudi Arabia,12-10-20,339615.0,348.0,5068.0,25.0,49495.0,7353144.0,0.009,0.0,0.0,0.0,0.0,34813867.0
SAU,Asia,Saudi Arabia,13-10-20,340089.0,474.0,5087.0,19.0,51849.0,7404993.0,0.009,0.0,0.0,0.0,0.0,34813867.0
SAU,Asia,Saudi Arabia,14-10-20,340590.0,501.0,5108.0,21.0,52966.0,7457959.0,0.009,0.0,0.0,0.0,0.0,34813867.0
SAU,Asia,Saudi Arabia,15-10-20,341062.0,472.0,5127.0,19.0,53032.0,7510991.0,0.009,0.0,0.0,0.0,0.0,34813867.0
SAU,Asia,Saudi Arabia,16-10-20,341495.0,433.0,5144.0,17.0,47926.0,7558917.0,0.009,0.0,0.0,0.0,0.0,34813867.0
SAU,Asia,Saudi Arabia,17-10-20,341854.0,359.0,5165.0,21.0,38385.0,7597302.0,0.009,0.0,0.0,0.0,0.0,34813867.0
SAU,Asia,Saudi Arabia,18-10-20,342202.0,348.0,5185.0,20.0,48884.0,7646186.0,0.009,0.0,0.0,0.0,0.0,34813867.0
SAU,Asia,Saudi Arabia,19-10-20,342583.0,381.0,5201.0,16.0,54477.0,7700663.0,0.009,0.0,0.0,0.0,0.0,34813867.0
SAU,Asia,Saudi Arabia,20-10-20,342968.0,385.0,5217.0,16.0,51643.0,7752306.0,0.008,0.0,0.0,0.0,0.0,34813867.0
SAU,Asia,Saudi Arabia,21-10-20,343373.0,405.0,5235.0,18.0,53523.0,7805829.0,0.008,0.0,0.0,0.0,0.0,34813867.0
SAU,Asia,Saudi Arabia,22-10-20,343774.0,401.0,5250.0,15.0,52876.0,7858705.0,0.008,0.0,0.0,0.0,0.0,34813867.0
SAU,Asia,Saudi Arabia,23-10-20,344157.0,383.0,5264.0,14.0,54809.0,7913514.0,0.008,0.0,0.0,0.0,0.0,34813867.0
SAU,Asia,Saudi Arabia,24-10-20,344552.0,395.0,5281.0,17.0,50014.0,7963528.0,0.007,0.0,0.0,0.0,0.0,34813867.0
SAU,Asia,Saudi Arabia,25-10-20,344875.0,323.0,5296.0,15.0,52321.0,8015849.0,0.007,0.0,0.0,0.0,0.0,34813867.0
SAU,Asia,Saudi Arabia,26-10-20,345232.0,357.0,5313.0,17.0,57870.0,8073719.0,0.007,0.0,0.0,0.0,0.0,34813867.0
SAU,Asia,Saudi Arabia,27-10-20,345631.0,399.0,5329.0,16.0,58561.0,8132280.0,0.007,0.0,0.0,0.0,0.0,34813867.0
SAU,Asia,Saudi Arabia,28-10-20,346047.0,416.0,5348.0,19.0,55907.0,8188187.0,0.007,0.0,0.0,0.0,0.0,34813867.0
SAU,Asia,Saudi Arabia,29-10-20,346482.0,435.0,5363.0,15.0,56255.0,8244442.0,0.007,0.0,0.0,0.0,0.0,34813867.0
SAU,Asia,Saudi Arabia,30-10-20,346880.0,398.0,5383.0,20.0,51418.0,8295860.0,0.007,0.0,0.0,0.0,0.0,34813867.0
SAU,Asia,Saudi Arabia,31-10-20,347282.0,402.0,5402.0,19.0,44840.0,8340700.0,0.007,0.0,0.0,0.0,0.0,34813867.0
SAU,Asia,Saudi Arabia,01-11-20,347656.0,374.0,5420.0,18.0,53819.0,8394519.0,0.007,0.0,0.0,0.0,0.0,34813867.0
SAU,Asia,Saudi Arabia,02-11-20,348037.0,381.0,5437.0,17.0,58930.0,8453449.0,0.007,0.0,0.0,0.0,0.0,34813867.0
SAU,Asia,Saudi Arabia,03-11-20,348510.0,473.0,5456.0,19.0,63664.0,8517113.0,0.007,0.0,0.0,0.0,0.0,34813867.0
SAU,Asia,Saudi Arabia,04-11-20,348936.0,426.0,5471.0,15.0,59317.0,8576430.0,0.007,0.0,0.0,0.0,0.0,34813867.0
SAU,Asia,Saudi Arabia,05-11-20,349386.0,450.0,5489.0,18.0,61866.0,8638296.0,0.007,0.0,0.0,0.0,0.0,34813867.0
SAU,Asia,Saudi Arabia,06-11-20,349822.0,436.0,5506.0,17.0,53726.0,8692022.0,0.007,0.0,0.0,0.0,0.0,34813867.0
SAU,Asia,Saudi Arabia,07-11-20,350229.0,407.0,5525.0,19.0,45471.0,8737493.0,0.007,0.0,0.0,0.0,0.0,34813867.0
SAU,Asia,Saudi Arabia,08-11-20,350592.0,363.0,5540.0,15.0,53583.0,8791076.0,0.007,0.0,0.0,0.0,0.0,34813867.0
SAU,Asia,Saudi Arabia,09-11-20,350984.0,392.0,5559.0,19.0,64590.0,8855666.0,0.007,0.0,0.0,0.0,0.0,34813867.0
SAU,Asia,Saudi Arabia,10-11-20,351455.0,471.0,5576.0,17.0,62922.0,8918588.0,0.007,0.0,0.0,0.0,0.0,34813867.0
SAU,Asia,Saudi Arabia,11-11-20,351849.0,394.0,5590.0,14.0,50851.0,8969439.0,0.007,0.0,0.0,0.0,0.0,34813867.0
SAU,Asia,Saudi Arabia,12-11-20,352160.0,311.0,5605.0,15.0,62611.0,9032050.0,0.007,0.0,0.0,0.0,0.0,34813867.0
SAU,Asia,Saudi Arabia,13-11-20,352601.0,441.0,5625.0,20.0,51139.0,9083189.0,0.007,0.0,0.0,0.0,0.0,34813867.0
SAU,Asia,Saudi Arabia,14-11-20,352950.0,349.0,5641.0,16.0,44855.0,9128044.0,0.007,0.0,0.0,0.0,0.0,34813867.0
SAU,Asia,Saudi Arabia,15-11-20,353255.0,305.0,5657.0,16.0,53147.0,9181191.0,0.007,0.0,0.0,0.0,0.0,34813867.0
SAU,Asia,Saudi Arabia,16-11-20,353556.0,301.0,5676.0,19.0,59792.0,9240983.0,0.007,0.0,0.0,0.0,0.0,34813867.0
SAU,Asia,Saudi Arabia,17-11-20,353918.0,362.0,5692.0,16.0,56691.0,9297674.0,0.006,0.0,0.0,0.0,0.0,34813867.0
SAU,Asia,Saudi Arabia,18-11-20,354208.0,290.0,5710.0,18.0,59259.0,9356933.0,0.006,0.0,0.0,0.0,0.0,34813867.0
SAU,Asia,Saudi Arabia,19-11-20,354527.0,319.0,5729.0,19.0,57434.0,9414367.0,0.006,0.0,0.0,0.0,0.0,34813867.0
SAU,Asia,Saudi Arabia,20-11-20,354813.0,286.0,5745.0,16.0,47445.0,9461812.0,0.006,0.0,0.0,0.0,0.0,34813867.0
SAU,Asia,Saudi Arabia,21-11-20,355034.0,221.0,5761.0,16.0,36558.0,9498370.0,0.006,0.0,0.0,0.0,0.0,34813867.0
SAU,Asia,Saudi Arabia,22-11-20,355258.0,224.0,5780.0,19.0,40395.0,9538765.0,0.006,0.0,0.0,0.0,0.0,34813867.0
SAU,Asia,Saudi Arabia,23-11-20,355489.0,231.0,5796.0,16.0,55276.0,9594041.0,0.005,0.0,0.0,0.0,0.0,34813867.0
SAU,Asia,Saudi Arabia,24-11-20,355741.0,252.0,5811.0,15.0,50738.0,9644779.0,0.005,0.0,0.0,0.0,0.0,34813867.0
SAU,Asia,Saudi Arabia,25-11-20,356067.0,326.0,5825.0,14.0,51831.0,9696610.0,0.005,0.0,0.0,0.0,0.0,34813867.0
SAU,Asia,Saudi Arabia,26-11-20,356389.0,322.0,5840.0,15.0,51949.0,9748559.0,0.006,0.0,0.0,0.0,0.0,34813867.0
SAU,Asia,Saudi Arabia,27-11-20,356691.0,302.0,5857.0,17.0,36709.0,9785268.0,0.006,0.0,0.0,0.0,0.0,34813867.0
SAU,Asia,Saudi Arabia,28-11-20,356911.0,220.0,5870.0,13.0,34616.0,9819884.0,0.006,0.0,0.0,0.0,0.0,34813867.0
SAU,Asia,Saudi Arabia,29-11-20,357128.0,217.0,5884.0,14.0,39224.0,9859108.0,0.006,0.0,0.0,0.0,0.0,34813867.0
SAU,Asia,Saudi Arabia,30-11-20,357360.0,232.0,5896.0,12.0,46372.0,9905480.0,0.006,0.0,0.0,0.0,0.0,34813867.0
SAU,Asia,Saudi Arabia,01-12-20,357623.0,263.0,5907.0,11.0,47337.0,9952817.0,0.006,0.0,0.0,0.0,0.0,34813867.0
SAU,Asia,Saudi Arabia,02-12-20,357872.0,249.0,5919.0,12.0,42125.0,9994942.0,0.006,0.0,0.0,0.0,0.0,34813867.0
SAU,Asia,Saudi Arabia,03-12-20,358102.0,230.0,5930.0,11.0,44306.0,10039248.0,0.006,0.0,0.0,0.0,0.0,34813867.0
SAU,Asia,Saudi Arabia,04-12-20,358336.0,234.0,5940.0,10.0,34621.0,10073869.0,0.006,0.0,0.0,0.0,0.0,34813867.0
SAU,Asia,Saudi Arabia,05-12-20,358526.0,190.0,5954.0,14.0,32790.0,10106659.0,0.006,0.0,0.0,0.0,0.0,34813867.0
SAU,Asia,Saudi Arabia,06-12-20,358713.0,187.0,5965.0,11.0,40371.0,10147030.0,0.006,0.0,0.0,0.0,0.0,34813867.0
SAU,Asia,Saudi Arabia,07-12-20,358922.0,209.0,5977.0,12.0,44601.0,10191631.0,0.005,0.0,0.0,0.0,0.0,34813867.0
SAU,Asia,Saudi Arabia,08-12-20,359115.0,193.0,5989.0,12.0,41959.0,10233590.0,0.005,0.0,0.0,0.0,0.0,34813867.0
SAU,Asia,Saudi Arabia,09-12-20,359274.0,159.0,6002.0,13.0,41775.0,10275365.0,0.005,0.0,0.0,0.0,0.0,34813867.0
SAU,Asia,Saudi Arabia,10-12-20,359415.0,141.0,6012.0,10.0,41267.0,10316632.0,0.005,0.0,0.0,0.0,0.0,34813867.0
SAU,Asia,Saudi Arabia,11-12-20,359583.0,168.0,6023.0,11.0,32958.0,10349590.0,0.005,0.0,0.0,0.0,0.0,34813867.0
SAU,Asia,Saudi Arabia,12-12-20,359749.0,166.0,6036.0,13.0,29142.0,10378732.0,0.004,0.0,0.0,0.0,0.0,34813867.0
SAU,Asia,Saudi Arabia,13-12-20,359888.0,139.0,6048.0,12.0,30902.0,10409634.0,0.004,0.0,0.0,0.0,0.0,34813867.0
SAU,Asia,Saudi Arabia,14-12-20,360013.0,125.0,6059.0,11.0,34552.0,10444186.0,0.004,0.0,0.0,0.0,0.0,34813867.0
SAU,Asia,Saudi Arabia,15-12-20,360155.0,142.0,6069.0,10.0,46619.0,10490805.0,0.004,0.0,0.0,0.0,0.0,34813867.0
SAU,Asia,Saudi Arabia,16-12-20,360335.0,180.0,6080.0,11.0,39441.0,10530246.0,0.004,0.0,0.0,0.0,0.0,34813867.0
SAU,Asia,Saudi Arabia,17-12-20,360516.0,181.0,6091.0,11.0,42448.0,10572694.0,0.004,0.0,0.0,0.0,0.0,34813867.0
SAU,Asia,Saudi Arabia,18-12-20,360690.0,174.0,6101.0,10.0,33676.0,10606370.0,0.004,0.0,0.0,0.0,0.0,34813867.0
SAU,Asia,Saudi Arabia,19-12-20,360848.0,158.0,6112.0,11.0,33275.0,10639645.0,0.004,0.0,0.0,0.0,0.0,34813867.0
SAU,Asia,Saudi Arabia,20-12-20,361010.0,162.0,6122.0,10.0,36373.0,10676018.0,0.004,0.0,0.0,0.0,0.0,34813867.0
SAU,Asia,Saudi Arabia,21-12-20,361178.0,168.0,6131.0,9.0,39610.0,10715628.0,0.004,0.0,0.0,0.0,0.0,34813867.0
SAU,Asia,Saudi Arabia,22-12-20,361359.0,181.0,6139.0,8.0,39564.0,10755192.0,0.005,0.0,0.0,0.0,0.0,34813867.0
SAU,Asia,Saudi Arabia,23-12-20,361536.0,177.0,6148.0,9.0,34698.0,10789890.0,0.005,0.0,0.0,0.0,0.0,34813867.0
SAU,Asia,Saudi Arabia,24-12-20,361725.0,189.0,6159.0,11.0,32339.0,10822229.0,0.005,0.0,0.0,0.0,0.0,34813867.0
SAU,Asia,Saudi Arabia,25-12-20,361903.0,178.0,6168.0,9.0,28916.0,10851145.0,0.005,0.0,0.0,0.0,0.0,34813867.0
SAU,Asia,Saudi Arabia,26-12-20,362066.0,163.0,6176.0,8.0,21775.0,10872920.0,0.005,0.0,0.0,0.0,0.0,34813867.0
SAU,Asia,Saudi Arabia,27-12-20,362220.0,154.0,6185.0,9.0,30109.0,10903029.0,0.005,0.0,0.0,0.0,0.0,34813867.0
SAU,Asia,Saudi Arabia,28-12-20,362339.0,119.0,6196.0,11.0,34677.0,10937706.0,0.005,0.0,0.0,0.0,0.0,34813867.0
SAU,Asia,Saudi Arabia,29-12-20,362488.0,149.0,6204.0,8.0,36149.0,10973855.0,0.005,0.0,0.0,0.0,0.0,34813867.0
SAU,Asia,Saudi Arabia,30-12-20,362601.0,113.0,6214.0,10.0,36529.0,11010384.0,0.005,0.0,0.0,0.0,0.0,34813867.0
SAU,Asia,Saudi Arabia,31-12-20,362741.0,140.0,6223.0,9.0,36383.0,11046767.0,0.005,0.0,0.0,0.0,0.0,34813867.0
SAU,Asia,Saudi Arabia,01-01-21,362878.0,137.0,6230.0,7.0,27169.0,11073936.0,0.004,0.0,0.0,0.0,0.0,34813867.0
SAU,Asia,Saudi Arabia,02-01-21,362979.0,101.0,6239.0,9.0,29252.0,11103188.0,0.004,0.0,0.0,0.0,0.0,34813867.0
SAU,Asia,Saudi Arabia,03-01-21,363061.0,82.0,6246.0,7.0,31689.0,11134877.0,0.004,0.0,0.0,0.0,0.0,34813867.0
SAU,Asia,Saudi Arabia,04-01-21,363155.0,94.0,6256.0,10.0,39433.0,11174310.0,0.003,0.0,0.0,0.0,0.0,34813867.0
SAU,Asia,Saudi Arabia,05-01-21,363259.0,104.0,6265.0,9.0,39795.0,11214105.0,0.003,0.0,0.0,0.0,0.0,34813867.0
SAU,Asia,Saudi Arabia,06-01-21,363377.0,118.0,6272.0,7.0,36161.0,11250266.0,0.003,137862.0,0.0,0.0,0.0,34813867.0
SAU,Asia,Saudi Arabia,07-01-21,363485.0,108.0,6278.0,6.0,47061.0,11297327.0,0.003,0.0,0.0,0.0,0.0,34813867.0
SAU,Asia,Saudi Arabia,08-01-21,363582.0,97.0,6282.0,4.0,37043.0,11334370.0,0.003,0.0,0.0,0.0,0.0,34813867.0
SAU,Asia,Saudi Arabia,09-01-21,363692.0,110.0,6286.0,4.0,28324.0,11362694.0,0.003,178338.0,0.0,0.0,0.0,34813867.0
SAU,Asia,Saudi Arabia,10-01-21,363809.0,117.0,6291.0,5.0,42599.0,11405293.0,0.003,0.0,0.0,0.0,0.0,34813867.0
SAU,Asia,Saudi Arabia,11-01-21,363949.0,140.0,6295.0,4.0,50138.0,11455431.0,0.003,0.0,0.0,0.0,0.0,34813867.0
SAU,Asia,Saudi Arabia,12-01-21,364096.0,147.0,6300.0,5.0,48910.0,11504341.0,0.003,0.0,0.0,0.0,0.0,34813867.0
SAU,Asia,Saudi Arabia,13-01-21,364271.0,175.0,6304.0,4.0,49133.0,11553474.0,0.003,0.0,0.0,0.0,0.0,34813867.0
SAU,Asia,Saudi Arabia,14-01-21,364440.0,169.0,6310.0,6.0,50695.0,11604169.0,0.003,0.0,0.0,0.0,0.0,34813867.0
SAU,Asia,Saudi Arabia,15-01-21,364613.0,173.0,6313.0,3.0,43255.0,11647424.0,0.003,0.0,0.0,0.0,0.0,34813867.0
SAU,Asia,Saudi Arabia,16-01-21,364753.0,140.0,6318.0,5.0,39774.0,11687198.0,0.003,295530.0,0.0,0.0,0.0,34813867.0
SAU,Asia,Saudi Arabia,17-01-21,364929.0,176.0,6323.0,5.0,45064.0,11732262.0,0.003,0.0,0.0,0.0,0.0,34813867.0
SAU,Asia,Saudi Arabia,18-01-21,365099.0,170.0,6329.0,6.0,56351.0,11788613.0,0.003,0.0,0.0,0.0,0.0,34813867.0
SAU,Asia,Saudi Arabia,19-01-21,365325.0,226.0,6335.0,6.0,52565.0,11841178.0,0.004,0.0,0.0,0.0,0.0,34813867.0
SAU,Asia,Saudi Arabia,20-01-21,365563.0,238.0,6338.0,3.0,52105.0,11893283.0,0.004,0.0,0.0,0.0,0.0,34813867.0
SAU,Asia,Saudi Arabia,21-01-21,365775.0,212.0,6342.0,4.0,49306.0,11942589.0,0.004,0.0,0.0,0.0,0.0,34813867.0
SAU,Asia,Saudi Arabia,22-01-21,365988.0,213.0,6346.0,4.0,33875.0,11976464.0,0.004,0.0,0.0,0.0,0.0,34813867.0
SAU,Asia,Saudi Arabia,23-01-21,366185.0,197.0,6350.0,4.0,35527.0,12011991.0,0.004,391643.0,0.0,0.0,0.0,34813867.0
SAU,Asia,Saudi Arabia,24-01-21,366371.0,186.0,6352.0,2.0,43695.0,12055686.0,0.004,0.0,0.0,0.0,0.0,34813867.0
SAU,Asia,Saudi Arabia,25-01-21,366584.0,213.0,6355.0,3.0,44642.0,12100328.0,0.005,0.0,0.0,0.0,0.0,34813867.0
SAU,Asia,Saudi Arabia,26-01-21,366807.0,223.0,6359.0,4.0,46333.0,12146661.0,0.005,0.0,0.0,0.0,0.0,34813867.0
SAU,Asia,Saudi Arabia,27-01-21,367023.0,216.0,6363.0,4.0,45115.0,12191776.0,0.005,0.0,0.0,0.0,0.0,34813867.0
SAU,Asia,Saudi Arabia,28-01-21,367276.0,253.0,6366.0,3.0,48445.0,12240221.0,0.005,0.0,0.0,0.0,0.0,34813867.0
SAU,Asia,Saudi Arabia,29-01-21,367543.0,267.0,6368.0,2.0,36768.0,12276989.0,0.005,0.0,0.0,0.0,0.0,34813867.0
SAU,Asia,Saudi Arabia,30-01-21,367813.0,270.0,6372.0,4.0,36964.0,12313953.0,0.005,440618.0,0.0,0.0,0.0,34813867.0
SAU,Asia,Saudi Arabia,31-01-21,368074.0,261.0,6375.0,3.0,44496.0,12358449.0,0.006,0.0,0.0,0.0,0.0,34813867.0
SAU,Asia,Saudi Arabia,01-02-21,368329.0,255.0,6379.0,4.0,52176.0,12410625.0,0.006,0.0,0.0,0.0,0.0,34813867.0
SAU,Asia,Saudi Arabia,02-02-21,368639.0,310.0,6383.0,4.0,51597.0,12462222.0,0.006,0.0,0.0,0.0,0.0,34813867.0
SAU,Asia,Saudi Arabia,03-02-21,368945.0,306.0,6386.0,3.0,54851.0,12517073.0,0.006,0.0,0.0,0.0,0.0,34813867.0
SAU,Asia,Saudi Arabia,04-02-21,369248.0,303.0,6389.0,3.0,54056.0,12571129.0,0.006,0.0,0.0,0.0,0.0,34813867.0
SAU,Asia,Saudi Arabia,05-02-21,369575.0,327.0,6393.0,4.0,45874.0,12617003.0,0.006,0.0,0.0,0.0,0.0,34813867.0
SAU,Asia,Saudi Arabia,06-02-21,369961.0,386.0,6397.0,4.0,46166.0,12663169.0,0.006,0.0,0.0,0.0,0.0,34813867.0
SAU,Asia,Saudi Arabia,07-02-21,370278.0,317.0,6402.0,5.0,48260.0,12711429.0,0.006,0.0,0.0,0.0,0.0,34813867.0
SAU,Asia,Saudi Arabia,08-02-21,370634.0,356.0,6406.0,4.0,53039.0,12764468.0,0.007,0.0,0.0,0.0,0.0,34813867.0
SAU,Asia,Saudi Arabia,09-02-21,370987.0,353.0,6410.0,4.0,50942.0,12815410.0,0.007,0.0,0.0,0.0,0.0,34813867.0
SAU,Asia,Saudi Arabia,10-02-21,371356.0,369.0,6415.0,5.0,50339.0,12865749.0,0.007,444465.0,0.0,0.0,0.0,34813867.0
SAU,Asia,Saudi Arabia,11-02-21,371720.0,364.0,6420.0,5.0,52454.0,12918203.0,0.007,0.0,0.0,0.0,0.0,34813867.0
SAU,Asia,Saudi Arabia,12-02-21,372073.0,353.0,6424.0,4.0,46841.0,12965044.0,0.007,0.0,0.0,0.0,0.0,34813867.0
SAU,Asia,Saudi Arabia,13-02-21,372410.0,337.0,6429.0,5.0,41465.0,13006509.0,0.007,446940.0,0.0,0.0,0.0,34813867.0
SAU,Asia,Saudi Arabia,14-02-21,372732.0,322.0,6433.0,4.0,49060.0,13055569.0,0.007,0.0,0.0,0.0,0.0,34813867.0
SAU,Asia,Saudi Arabia,15-02-21,373046.0,314.0,6438.0,5.0,52357.0,13107926.0,0.007,462812.0,0.0,0.0,0.0,34813867.0
SAU,Asia,Saudi Arabia,16-02-21,373368.0,322.0,6441.0,3.0,49608.0,13157534.0,0.007,0.0,0.0,0.0,0.0,34813867.0
SAU,Asia,Saudi Arabia,17-02-21,373702.0,334.0,6445.0,4.0,51419.0,13208953.0,0.007,501710.0,0.0,0.0,0.0,34813867.0
SAU,Asia,Saudi Arabia,18-02-21,374029.0,327.0,6450.0,5.0,48779.0,13257732.0,0.007,0.0,0.0,0.0,0.0,34813867.0
SAU,Asia,Saudi Arabia,19-02-21,374366.0,337.0,6454.0,4.0,38376.0,13296108.0,0.007,0.0,0.0,0.0,0.0,34813867.0
SAU,Asia,Saudi Arabia,20-02-21,374691.0,325.0,6457.0,3.0,36218.0,13332326.0,0.007,0.0,0.0,0.0,0.0,34813867.0
SAU,Asia,Saudi Arabia,21-02-21,375006.0,315.0,6461.0,4.0,41010.0,13373336.0,0.007,0.0,0.0,0.0,0.0,34813867.0
SAU,Asia,Saudi Arabia,22-02-21,375333.0,327.0,6466.0,5.0,45080.0,13418416.0,0.007,600798.0,0.0,0.0,0.0,34813867.0
SAU,Asia,Saudi Arabia,23-02-21,375668.0,335.0,6470.0,4.0,45388.0,13463804.0,0.008,0.0,0.0,0.0,0.0,34813867.0
SAU,Asia,Saudi Arabia,24-02-21,376021.0,353.0,6475.0,5.0,45608.0,13509412.0,0.008,639587.0,0.0,0.0,0.0,34813867.0
SAU,Asia,Saudi Arabia,25-02-21,376377.0,356.0,6480.0,5.0,45027.0,13554439.0,0.008,0.0,0.0,0.0,0.0,34813867.0
SAU,Asia,Saudi Arabia,26-02-21,376723.0,346.0,6483.0,3.0,39707.0,13594146.0,0.008,0.0,0.0,0.0,0.0,34813867.0
SAU,Asia,Saudi Arabia,27-02-21,377061.0,338.0,6488.0,5.0,38931.0,13633077.0,0.008,780667.0,0.0,0.0,0.0,34813867.0
SAU,Asia,Saudi Arabia,28-02-21,377383.0,322.0,6494.0,6.0,47125.0,13680202.0,0.008,0.0,0.0,0.0,0.0,34813867.0
SAU,Asia,Saudi Arabia,01-03-21,377700.0,317.0,6500.0,6.0,47290.0,13727492.0,0.008,885411.0,0.0,0.0,0.0,34813867.0
SAU,Asia,Saudi Arabia,02-03-21,378002.0,302.0,6505.0,5.0,55082.0,13782574.0,0.007,1003287.0,0.0,0.0,117876.0,34813867.0
SAU,Asia,Saudi Arabia,03-03-21,378333.0,331.0,6510.0,5.0,47118.0,13829692.0,0.007,0.0,0.0,0.0,0.0,34813867.0
SAU,Asia,Saudi Arabia,04-03-21,378708.0,375.0,6514.0,4.0,52737.0,13882429.0,0.007,1182943.0,0.0,0.0,0.0,34813867.0
SAU,Asia,Saudi Arabia,05-03-21,379092.0,384.0,6519.0,5.0,48078.0,13930507.0,0.007,1264878.0,0.0,0.0,81935.0,34813867.0
SAU,Asia,Saudi Arabia,06-03-21,379474.0,382.0,6524.0,5.0,41701.0,13972208.0,0.007,0.0,0.0,0.0,0.0,34813867.0
SAU,Asia,Saudi Arabia,07-03-21,379831.0,357.0,6528.0,4.0,47791.0,14019999.0,0.007,1332740.0,0.0,0.0,0.0,34813867.0
SAU,Asia,Saudi Arabia,08-03-21,380182.0,351.0,6534.0,6.0,56118.0,14076117.0,0.007,1484935.0,0.0,0.0,152195.0,34813867.0
SAU,Asia,Saudi Arabia,09-03-21,380572.0,390.0,6539.0,5.0,54425.0,14130542.0,0.007,1585770.0,0.0,0.0,100835.0,34813867.0
SAU,Asia,Saudi Arabia,10-03-21,380958.0,386.0,6545.0,6.0,45261.0,14175803.0,0.008,1685881.0,0.0,0.0,100111.0,34813867.0
SAU,Asia,Saudi Arabia,11-03-21,381348.0,390.0,6551.0,6.0,51656.0,14227459.0,0.008,1823819.0,0.0,0.0,137938.0,34813867.0
SAU,Asia,Saudi Arabia,12-03-21,381708.0,360.0,6556.0,5.0,44953.0,14272412.0,0.008,1938934.0,0.0,0.0,115115.0,34813867.0
SAU,Asia,Saudi Arabia,13-03-21,382059.0,351.0,6563.0,7.0,34731.0,14307143.0,0.008,2082780.0,0.0,0.0,143846.0,34813867.0
SAU,Asia,Saudi Arabia,14-03-21,382407.0,348.0,6567.0,4.0,45647.0,14352790.0,0.008,2232110.0,0.0,0.0,149330.0,34813867.0
SAU,Asia,Saudi Arabia,15-03-21,382752.0,345.0,6573.0,6.0,53290.0,14406080.0,0.008,2394182.0,0.0,0.0,162072.0,34813867.0
SAU,Asia,Saudi Arabia,16-03-21,383106.0,354.0,6578.0,5.0,50403.0,14456483.0,0.008,2457425.0,0.0,0.0,63243.0,34813867.0
SAU,Asia,Saudi Arabia,17-03-21,383499.0,393.0,6585.0,7.0,47139.0,14503622.0,0.008,2580949.0,0.0,0.0,123524.0,34813867.0
SAU,Asia,Saudi Arabia,18-03-21,383880.0,381.0,6591.0,6.0,44257.0,14547879.0,0.008,2695966.0,0.0,0.0,115017.0,34813867.0
SAU,Asia,Saudi Arabia,19-03-21,384271.0,391.0,6596.0,5.0,37402.0,14585281.0,0.008,2922436.0,0.0,0.0,226470.0,34813867.0
SAU,Asia,Saudi Arabia,20-03-21,384653.0,382.0,6602.0,6.0,34727.0,14620008.0,0.008,3006419.0,0.0,0.0,83983.0,34813867.0
SAU,Asia,Saudi Arabia,21-03-21,385020.0,367.0,6609.0,7.0,44161.0,14664169.0,0.008,3194715.0,0.0,0.0,188296.0,34813867.0
SAU,Asia,Saudi Arabia,22-03-21,385424.0,404.0,6613.0,4.0,53823.0,14717992.0,0.009,3343287.0,0.0,0.0,148572.0,34813867.0
SAU,Asia,Saudi Arabia,23-03-21,385834.0,410.0,6618.0,5.0,45877.0,14763869.0,0.009,3505695.0,0.0,0.0,162408.0,34813867.0
SAU,Asia,Saudi Arabia,24-03-21,386300.0,466.0,6624.0,6.0,48937.0,14812806.0,0.009,3655546.0,0.0,0.0,149851.0,34813867.0
SAU,Asia,Saudi Arabia,25-03-21,386782.0,482.0,6630.0,6.0,56431.0,14869237.0,0.009,3810698.0,0.0,0.0,155152.0,34813867.0
SAU,Asia,Saudi Arabia,26-03-21,387292.0,510.0,6637.0,7.0,46328.0,14915565.0,0.009,3895858.0,0.0,0.0,85160.0,34813867.0
SAU,Asia,Saudi Arabia,27-03-21,387794.0,502.0,6643.0,6.0,44058.0,14959623.0,0.009,4003477.0,0.0,0.0,107619.0,34813867.0
SAU,Asia,Saudi Arabia,28-03-21,388325.0,531.0,6650.0,7.0,48775.0,15008398.0,0.01,4132630.0,0.0,0.0,129153.0,34813867.0
SAU,Asia,Saudi Arabia,29-03-21,388866.0,541.0,6656.0,6.0,57626.0,15066024.0,0.01,4250055.0,0.0,0.0,117425.0,34813867.0
SAU,Asia,Saudi Arabia,30-03-21,389422.0,556.0,6663.0,7.0,60088.0,15126112.0,0.01,4326576.0,0.0,0.0,76521.0,34813867.0
SAU,Asia,Saudi Arabia,31-03-21,390007.0,585.0,6669.0,6.0,58199.0,15184311.0,0.01,4432572.0,0.0,0.0,105996.0,34813867.0
SAU,Asia,Saudi Arabia,01-04-21,390597.0,590.0,6676.0,7.0,61083.0,15245394.0,0.01,4584006.0,0.0,0.0,151434.0,34813867.0
SAU,Asia,Saudi Arabia,02-04-21,391325.0,728.0,6684.0,8.0,53777.0,15299171.0,0.011,4729235.0,0.0,0.0,145229.0,34813867.0
SAU,Asia,Saudi Arabia,03-04-21,392009.0,684.0,6690.0,6.0,51414.0,15350585.0,0.011,4877442.0,0.0,0.0,148207.0,34813867.0
SAU,Asia,Saudi Arabia,04-04-21,392682.0,673.0,6697.0,7.0,56906.0,15407491.0,0.011,5000120.0,0.0,0.0,122678.0,34813867.0
SAU,Asia,Saudi Arabia,05-04-21,393377.0,695.0,6704.0,7.0,62432.0,15469923.0,0.011,5118039.0,0.0,0.0,117919.0,34813867.0
SAU,Asia,Saudi Arabia,06-04-21,394169.0,792.0,6711.0,7.0,63992.0,15533915.0,0.012,5345625.0,0.0,0.0,227586.0,34813867.0
SAU,Asia,Saudi Arabia,07-04-21,394952.0,783.0,6719.0,8.0,71946.0,15605861.0,0.012,5578229.0,0.0,0.0,232604.0,34813867.0
SAU,Asia,Saudi Arabia,08-04-21,395854.0,902.0,6728.0,9.0,71044.0,15676905.0,0.012,5846745.0,0.0,0.0,268516.0,34813867.0
SAU,Asia,Saudi Arabia,09-04-21,396758.0,904.0,6737.0,9.0,61640.0,15738545.0,0.012,5989026.0,0.0,0.0,142281.0,34813867.0
SAU,Asia,Saudi Arabia,10-04-21,397636.0,878.0,6747.0,10.0,58897.0,15797442.0,0.013,6132124.0,0.0,0.0,143098.0,34813867.0
SAU,Asia,Saudi Arabia,11-04-21,398435.0,799.0,6754.0,7.0,59793.0,15857235.0,0.013,6287432.0,0.0,0.0,155308.0,34813867.0
SAU,Asia,Saudi Arabia,12-04-21,399277.0,842.0,6765.0,11.0,61853.0,15919088.0,0.013,6411162.0,0.0,0.0,123730.0,34813867.0
SAU,Asia,Saudi Arabia,13-04-21,400228.0,951.0,6773.0,8.0,53931.0,15973019.0,0.014,6527823.0,0.0,0.0,116661.0,34813867.0
SAU,Asia,Saudi Arabia,14-04-21,401157.0,929.0,6781.0,8.0,45843.0,16018862.0,0.015,6584000.0,0.0,0.0,56177.0,34813867.0
SAU,Asia,Saudi Arabia,15-04-21,402142.0,985.0,6791.0,10.0,53744.0,16072606.0,0.016,6723186.0,0.0,0.0,139186.0,34813867.0
SAU,Asia,Saudi Arabia,16-04-21,403106.0,964.0,6801.0,10.0,51126.0,16123732.0,0.016,6831440.0,0.0,0.0,108254.0,34813867.0
SAU,Asia,Saudi Arabia,17-04-21,404054.0,948.0,6810.0,9.0,51225.0,16174957.0,0.017,6992242.0,0.0,0.0,160802.0,34813867.0
SAU,Asia,Saudi Arabia,18-04-21,404970.0,916.0,6823.0,13.0,56583.0,16231540.0,0.017,7190402.0,0.0,0.0,198160.0,34813867.0
SAU,Asia,Saudi Arabia,19-04-21,405940.0,970.0,6834.0,11.0,62069.0,16293609.0,0.018,7325016.0,0.0,0.0,134614.0,34813867.0
SAU,Asia,Saudi Arabia,20-04-21,407010.0,1070.0,6846.0,12.0,58507.0,16352116.0,0.018,7459261.0,0.0,0.0,134245.0,34813867.0
SAU,Asia,Saudi Arabia,21-04-21,408038.0,1028.0,6858.0,12.0,61923.0,16414039.0,0.017,7653634.0,0.0,0.0,194373.0,34813867.0
SAU,Asia,Saudi Arabia,22-04-21,409093.0,1055.0,6869.0,11.0,63320.0,16477359.0,0.017,7809612.0,0.0,0.0,155978.0,34813867.0
SAU,Asia,Saudi Arabia,23-04-21,410191.0,1098.0,6878.0,9.0,58733.0,16536092.0,0.017,7944950.0,0.0,0.0,135338.0,34813867.0
SAU,Asia,Saudi Arabia,24-04-21,411263.0,1072.0,6887.0,9.0,50346.0,16586438.0,0.018,8059757.0,0.0,0.0,114807.0,34813867.0
SAU,Asia,Saudi Arabia,25-04-21,412216.0,953.0,6900.0,13.0,57483.0,16643921.0,0.018,8263836.0,0.0,0.0,204079.0,34813867.0
SAU,Asia,Saudi Arabia,26-04-21,413174.0,958.0,6913.0,13.0,64782.0,16708703.0,0.017,8488862.0,0.0,0.0,225026.0,34813867.0
SAU,Asia,Saudi Arabia,27-04-21,414219.0,1045.0,6922.0,9.0,66185.0,16774888.0,0.017,8693407.0,0.0,0.0,204545.0,34813867.0
SAU,Asia,Saudi Arabia,28-04-21,415281.0,1062.0,6935.0,13.0,63731.0,16838619.0,0.017,8880219.0,0.0,0.0,186812.0,34813867.0
SAU,Asia,Saudi Arabia,29-04-21,416307.0,1026.0,6946.0,11.0,65194.0,16903813.0,0.017,9032921.0,0.0,0.0,152702.0,34813867.0
SAU,Asia,Saudi Arabia,30-04-21,417363.0,1056.0,6957.0,11.0,65454.0,16969267.0,0.017,9343991.0,0.0,0.0,311070.0,34813867.0
SAU,Asia,Saudi Arabia,01-05-21,418411.0,1048.0,6968.0,11.0,62447.0,17031714.0,0.016,9488912.0,0.0,0.0,144921.0,34813867.0
SAU,Asia,Saudi Arabia,02-05-21,419348.0,937.0,6979.0,11.0,65317.0,17097031.0,0.016,9655519.0,0.0,0.0,166607.0,34813867.0
SAU,Asia,Saudi Arabia,03-05-21,420301.0,953.0,6992.0,13.0,68997.0,17166028.0,0.016,9772409.0,0.0,0.0,116890.0,34813867.0
SAU,Asia,Saudi Arabia,04-05-21,421300.0,999.0,7006.0,14.0,72118.0,17238146.0,0.015,9838285.0,0.0,0.0,65876.0,34813867.0
SAU,Asia,Saudi Arabia,05-05-21,422316.0,1016.0,7018.0,12.0,76717.0,17314863.0,0.015,9949971.0,0.0,0.0,111686.0,34813867.0
SAU,Asia,Saudi Arabia,06-05-21,423406.0,1090.0,7032.0,14.0,74940.0,17389803.0,0.015,10110907.0,0.0,0.0,160936.0,34813867.0
SAU,Asia,Saudi Arabia,07-05-21,424445.0,1039.0,7045.0,13.0,69482.0,17459285.0,0.014,10271299.0,0.0,0.0,160392.0,34813867.0
SAU,Asia,Saudi Arabia,08-05-21,425442.0,997.0,7059.0,14.0,67980.0,17527265.0,0.014,10441854.0,0.0,0.0,170555.0,34813867.0
SAU,Asia,Saudi Arabia,09-05-21,426384.0,942.0,7072.0,13.0,70822.0,17598087.0,0.014,10629320.0,0.0,0.0,187466.0,34813867.0
SAU,Asia,Saudi Arabia,10-05-21,427370.0,986.0,7085.0,13.0,71792.0,17669879.0,0.014,10758710.0,0.0,0.0,129390.0,34813867.0
SAU,Asia,Saudi Arabia,11-05-21,428369.0,999.0,7098.0,13.0,71040.0,17740919.0,0.014,10960820.0,0.0,0.0,202110.0,34813867.0
SAU,Asia,Saudi Arabia,12-05-21,429389.0,1020.0,7111.0,13.0,71457.0,17812376.0,0.014,11098788.0,0.0,0.0,137968.0,34813867.0
SAU,Asia,Saudi Arabia,13-05-21,430505.0,1116.0,7122.0,11.0,56495.0,17868871.0,0.015,11195164.0,0.0,0.0,96376.0,34813867.0
SAU,Asia,Saudi Arabia,14-05-21,431432.0,927.0,7134.0,12.0,47586.0,17916457.0,0.015,11312391.0,0.0,0.0,117227.0,34813867.0
SAU,Asia,Saudi Arabia,15-05-21,432269.0,837.0,7147.0,13.0,54049.0,17970506.0,0.015,11489358.0,0.0,0.0,176967.0,34813867.0
SAU,Asia,Saudi Arabia,16-05-21,433094.0,825.0,7162.0,15.0,61665.0,18032171.0,0.015,11668767.0,0.0,0.0,179409.0,34813867.0
SAU,Asia,Saudi Arabia,17-05-21,433980.0,886.0,7174.0,12.0,73933.0,18106104.0,0.015,11828549.0,0.0,0.0,159782.0,34813867.0
SAU,Asia,Saudi Arabia,18-05-21,435027.0,1047.0,7188.0,14.0,88859.0,18194963.0,0.015,12020008.0,0.0,0.0,191459.0,34813867.0
SAU,Asia,Saudi Arabia,19-05-21,436239.0,1212.0,7201.0,13.0,93896.0,18288859.0,0.014,12225726.0,0.0,0.0,205718.0,34813867.0
SAU,Asia,Saudi Arabia,20-05-21,437569.0,1330.0,7214.0,13.0,81678.0,18370537.0,0.014,12436389.0,0.0,0.0,210663.0,34813867.0
SAU,Asia,Saudi Arabia,21-05-21,438705.0,1136.0,7224.0,10.0,78608.0,18449145.0,0.014,12616680.0,0.0,0.0,180291.0,34813867.0
SAU,Asia,Saudi Arabia,22-05-21,439847.0,1142.0,7237.0,13.0,77269.0,18526414.0,0.014,12791781.0,0.0,0.0,175101.0,34813867.0
SAU,Asia,Saudi Arabia,23-05-21,440914.0,1067.0,7249.0,12.0,81094.0,18607508.0,0.014,12882532.0,0.0,0.0,90751.0,34813867.0
SAU,Asia,Saudi Arabia,24-05-21,442071.0,1157.0,7264.0,15.0,88182.0,18695690.0,0.014,13013462.0,0.0,0.0,130930.0,34813867.0
SAU,Asia,Saudi Arabia,25-05-21,443460.0,1389.0,7278.0,14.0,93145.0,18788835.0,0.014,13183309.0,0.0,0.0,169847.0,34813867.0
SAU,Asia,Saudi Arabia,26-05-21,444780.0,1320.0,7295.0,17.0,86629.0,18875464.0,0.015,13401177.0,0.0,0.0,217868.0,34813867.0
SAU,Asia,Saudi Arabia,27-05-21,445963.0,1183.0,7309.0,14.0,92566.0,18968030.0,0.014,13583574.0,0.0,0.0,182397.0,34813867.0
SAU,Asia,Saudi Arabia,28-05-21,447178.0,1215.0,7320.0,11.0,78087.0,19046117.0,0.014,13723119.0,0.0,0.0,139545.0,34813867.0
SAU,Asia,Saudi Arabia,29-05-21,448284.0,1106.0,7334.0,14.0,76003.0,19122120.0,0.014,13828247.0,0.0,0.0,105128.0,34813867.0
SAU,Asia,Saudi Arabia,30-05-21,449191.0,907.0,7347.0,13.0,92458.0,19214578.0,0.014,14043763.0,0.0,0.0,215516.0,34813867.0
SAU,Asia,Saudi Arabia,31-05-21,450436.0,1245.0,7362.0,15.0,92433.0,19307011.0,0.014,14208292.0,0.0,0.0,164529.0,34813867.0
SAU,Asia,Saudi Arabia,01-06-21,451687.0,1251.0,7377.0,15.0,93209.0,19400220.0,0.013,14331774.0,0.0,0.0,123482.0,34813867.0
SAU,Asia,Saudi Arabia,02-06-21,452956.0,1269.0,7393.0,16.0,96230.0,19496450.0,0.013,14512466.0,0.0,0.0,180692.0,34813867.0
SAU,Asia,Saudi Arabia,03-06-21,454217.0,1261.0,7408.0,15.0,96393.0,19592843.0,0.013,14629297.0,0.0,0.0,116831.0,34813867.0
SAU,Asia,Saudi Arabia,04-06-21,455418.0,1201.0,7424.0,16.0,83768.0,19676611.0,0.013,14731457.0,0.0,0.0,102160.0,34813867.0
SAU,Asia,Saudi Arabia,05-06-21,456562.0,1144.0,7440.0,16.0,73955.0,19750566.0,0.013,14843196.0,0.0,0.0,111739.0,34813867.0
SAU,Asia,Saudi Arabia,06-06-21,457546.0,984.0,7456.0,16.0,86073.0,19836639.0,0.013,14977476.0,0.0,0.0,134280.0,34813867.0
SAU,Asia,Saudi Arabia,07-06-21,458707.0,1161.0,7471.0,15.0,92398.0,19929037.0,0.013,15099896.0,0.0,0.0,122420.0,34813867.0
SAU,Asia,Saudi Arabia,08-06-21,459968.0,1261.0,7488.0,17.0,92124.0,20021161.0,0.013,15221683.0,0.0,0.0,121787.0,34813867.0
SAU,Asia,Saudi Arabia,09-06-21,461242.0,1274.0,7503.0,15.0,92227.0,20113388.0,0.013,15361514.0,0.0,0.0,139831.0,34813867.0
SAU,Asia,Saudi Arabia,10-06-21,461242.0,0.0,7503.0,0.0,90559.0,20203947.0,0.011,15495105.0,0.0,0.0,133591.0,34813867.0
SAU,Asia,Saudi Arabia,11-06-21,463703.0,2461.0,7537.0,34.0,75059.0,20279006.0,0.014,15605844.0,0.0,0.0,110739.0,34813867.0
SAU,Asia,Saudi Arabia,12-06-21,464780.0,1077.0,7553.0,16.0,76549.0,20355555.0,0.014,15706724.0,0.0,0.0,100880.0,34813867.0
SAU,Asia,Saudi Arabia,13-06-21,465797.0,1017.0,7572.0,19.0,83368.0,20438923.0,0.014,15836419.0,0.0,0.0,129695.0,34813867.0
SAU,Asia,Saudi Arabia,14-06-21,466906.0,1109.0,7590.0,18.0,87880.0,20526803.0,0.014,15984268.0,0.0,0.0,147849.0,34813867.0
SAU,Asia,Saudi Arabia,15-06-21,468175.0,1269.0,7606.0,16.0,90874.0,20617677.0,0.014,16109908.0,0.0,0.0,125640.0,34813867.0
SAU,Asia,Saudi Arabia,16-06-21,469414.0,1239.0,7621.0,15.0,94921.0,20712598.0,0.014,16227887.0,0.0,0.0,117979.0,34813867.0
SAU,Asia,Saudi Arabia,17-06-21,470723.0,1309.0,7635.0,14.0,86695.0,20799293.0,0.016,16362898.0,0.0,0.0,135011.0,34813867.0
SAU,Asia,Saudi Arabia,18-06-21,471959.0,1236.0,7650.0,15.0,77831.0,20877124.0,0.014,16457176.0,0.0,0.0,94278.0,34813867.0
SAU,Asia,Saudi Arabia,19-06-21,473112.0,1153.0,7663.0,13.0,84652.0,20961776.0,0.014,16548174.0,0.0,0.0,90998.0,34813867.0
SAU,Asia,Saudi Arabia,20-06-21,474191.0,1079.0,7677.0,14.0,75117.0,21036893.0,0.014,16649095.0,0.0,0.0,100921.0,34813867.0
SAU,Asia,Saudi Arabia,21-06-21,475403.0,1212.0,7691.0,14.0,97195.0,21134088.0,0.014,16735649.0,0.0,0.0,86554.0,34813867.0
SAU,Asia,Saudi Arabia,22-06-21,476882.0,1479.0,7703.0,12.0,85027.0,21219115.0,0.014,16847375.0,0.0,0.0,111726.0,34813867.0
SAU,Asia,Saudi Arabia,23-06-21,478135.0,1253.0,7716.0,13.0,91021.0,21310136.0,0.015,16933104.0,0.0,0.0,85729.0,34813867.0
SAU,Asia,Saudi Arabia,24-06-21,479390.0,1255.0,7730.0,14.0,103820.0,21413956.0,0.014,17035094.0,0.0,0.0,101990.0,34813867.0
SAU,Asia,Saudi Arabia,25-06-21,480702.0,1312.0,7743.0,13.0,92192.0,21506148.0,0.014,17108638.0,0.0,0.0,73544.0,34813867.0
SAU,Asia,Saudi Arabia,26-06-21,482003.0,1301.0,7760.0,17.0,95396.0,21601544.0,0.014,17217116.0,0.0,0.0,108478.0,34813867.0
SAU,Asia,Saudi Arabia,27-06-21,483221.0,1218.0,7775.0,15.0,86824.0,21688368.0,0.014,17339253.0,15894166.0,1445087.0,122137.0,34813867.0
SAU,Asia,Saudi Arabia,28-06-21,484539.0,1318.0,7789.0,14.0,109199.0,21797567.0,0.014,17487842.0,15977557.0,1510285.0,148589.0,34813867.0
SAU,Asia,Saudi Arabia,29-06-21,486106.0,1567.0,7804.0,15.0,104573.0,21902140.0,0.014,17671943.0,16110437.0,1561506.0,184101.0,34813867.0
SAU,Asia,Saudi Arabia,30-06-21,486106.0,0.0,7804.0,0.0,106572.0,22008712.0,0.011,17880870.0,16293289.0,1587581.0,208927.0,34813867.0
SAU,Asia,Saudi Arabia,01-07-21,486106.0,0.0,7804.0,0.0,105174.0,22113886.0,0.01,18019069.0,16419217.0,1599852.0,138199.0,34813867.0
SAU,Asia,Saudi Arabia,02-07-21,490464.0,4358.0,7848.0,44.0,87572.0,22201458.0,0.014,18198743.0,16516737.0,1682006.0,179674.0,34813867.0
SAU,Asia,Saudi Arabia,03-07-21,491612.0,1148.0,7863.0,15.0,85539.0,22286997.0,0.014,18320428.0,16604577.0,1715851.0,121685.0,34813867.0
SAU,Asia,Saudi Arabia,04-07-21,492785.0,1173.0,7876.0,13.0,94010.0,22381007.0,0.014,18460462.0,16705096.0,1755366.0,140034.0,34813867.0
SAU,Asia,Saudi Arabia,05-07-21,494032.0,1247.0,7891.0,15.0,102892.0,22483899.0,0.014,18699493.0,16872207.0,1827286.0,239031.0,34813867.0
SAU,Asia,Saudi Arabia,06-07-21,495309.0,1277.0,7907.0,16.0,111718.0,22595617.0,0.013,18892398.0,16987146.0,1905252.0,192905.0,34813867.0
SAU,Asia,Saudi Arabia,07-07-21,496516.0,1207.0,7921.0,14.0,113796.0,22709413.0,0.015,19064998.0,17088207.0,1976791.0,172600.0,34813867.0
SAU,Asia,Saudi Arabia,08-07-21,497773.0,1257.0,7933.0,12.0,96257.0,22805670.0,0.017,19262679.0,17198807.0,2063872.0,197681.0,34813867.0
SAU,Asia,Saudi Arabia,09-07-21,498906.0,1133.0,7947.0,14.0,90787.0,22896457.0,0.012,19396996.0,17271835.0,2125161.0,134317.0,34813867.0
SAU,Asia,Saudi Arabia,10-07-21,500083.0,1177.0,7963.0,16.0,96616.0,22993073.0,0.012,19586965.0,17384949.0,2202016.0,189969.0,34813867.0
SAU,Asia,Saudi Arabia,11-07-21,501195.0,1112.0,7976.0,13.0,106989.0,23100062.0,0.012,19825792.0,17518976.0,2306816.0,238827.0,34813867.0
SAU,Asia,Saudi Arabia,12-07-21,501195.0,0.0,7976.0,0.0,110429.0,23210491.0,0.01,20227729.0,17753002.0,2474727.0,401937.0,34813867.0
SAU,Asia,Saudi Arabia,13-07-21,503734.0,2539.0,8006.0,30.0,104307.0,23314798.0,0.012,20597120.0,17946562.0,2650558.0,369391.0,34813867.0
SAU,Asia,Saudi Arabia,14-07-21,503734.0,0.0,8006.0,0.0,105607.0,23420405.0,0.01,21094827.0,18186896.0,2907931.0,497707.0,34813867.0
SAU,Asia,Saudi Arabia,15-07-21,503734.0,0.0,8006.0,0.0,117221.0,23537626.0,0.008,21556314.0,18397020.0,3159294.0,461487.0,34813867.0
SAU,Asia,Saudi Arabia,16-07-21,507423.0,3689.0,8048.0,42.0,107317.0,23644943.0,0.011,21930093.0,18435261.0,3494832.0,373779.0,34813867.0
SAU,Asia,Saudi Arabia,17-07-21,507423.0,0.0,8048.0,0.0,93470.0,23738413.0,0.01,22263079.0,18438591.0,3824488.0,332986.0,34813867.0
SAU,Asia,Saudi Arabia,18-07-21,507423.0,0.0,8048.0,0.0,93540.0,23831953.0,0.009,22646489.0,18441597.0,4204892.0,383410.0,34813867.0
SAU,Asia,Saudi Arabia,19-07-21,507423.0,0.0,8048.0,0.0,0.0,0.0,0.0,22870428.0,18441821.0,4428607.0,223939.0,34813867.0
SAU,Asia,Saudi Arabia,20-07-21,507423.0,0.0,8048.0,0.0,0.0,0.0,0.0,23079604.0,18442030.0,4637574.0,209176.0,34813867.0
SAU,Asia,Saudi Arabia,21-07-21,513284.0,5861.0,8115.0,67.0,0.0,0.0,0.0,23384311.0,18442334.0,4941977.0,304707.0,34813867.0
SAU,Asia,Saudi Arabia,22-07-21,513284.0,0.0,8115.0,0.0,0.0,0.0,0.0,0.0,0.0,0.0,0.0,34813867.0
