iso_code,continent,location,date,total_cases,new_cases,total_deaths,new_deaths,icu_patients,new_tests,total_tests,positive_rate,total_vaccinations,people_vaccinated,people_fully_vaccinated,new_vaccinations,population,median_age,aged_65_older,aged_70_older,female_smokers,male_smokers,human_development_index
SAU,Asia,Saudi Arabia,2020-03-02,1,1,0,0,0,160,160,0,0,0,0,0,34813867,31.9,3.295,1.845,1.8,25.4,0.854
SAU,Asia,Saudi Arabia,2020-03-03,1,0,0,0,0,240,400,0,0,0,0,0,34813867,31.9,3.295,1.845,1.8,25.4,0.854
SAU,Asia,Saudi Arabia,2020-03-04,1,0,0,0,0,298,698,0,0,0,0,0,34813867,31.9,3.295,1.845,1.8,25.4,0.854
SAU,Asia,Saudi Arabia,2020-03-05,5,4,0,0,0,487,1185,0,0,0,0,0,34813867,31.9,3.295,1.845,1.8,25.4,0.854
SAU,Asia,Saudi Arabia,2020-03-06,5,0,0,0,0,1024,2209,0,0,0,0,0,34813867,31.9,3.295,1.845,1.8,25.4,0.854
SAU,Asia,Saudi Arabia,2020-03-07,5,0,0,0,0,1982,4191,0,0,0,0,0,34813867,31.9,3.295,1.845,1.8,25.4,0.854
SAU,Asia,Saudi Arabia,2020-03-08,11,6,0,0,0,1788,5979,0,0,0,0,0,34813867,31.9,3.295,1.845,1.8,25.4,0.854
SAU,Asia,Saudi Arabia,2020-03-09,15,4,0,0,0,2201,8180,0.002,0,0,0,0,34813867,31.9,3.295,1.845,1.8,25.4,0.854
SAU,Asia,Saudi Arabia,2020-03-10,20,5,0,0,0,3655,11835,0.002,0,0,0,0,34813867,31.9,3.295,1.845,1.8,25.4,0.854
SAU,Asia,Saudi Arabia,2020-03-11,21,1,0,0,0,2999,14834,0.001,0,0,0,0,34813867,31.9,3.295,1.845,1.8,25.4,0.854
SAU,Asia,Saudi Arabia,2020-03-12,45,24,0,0,0,3644,18478,0.002,0,0,0,0,34813867,31.9,3.295,1.845,1.8,25.4,0.854
SAU,Asia,Saudi Arabia,2020-03-13,86,41,0,0,0,3890,22368,0.004,0,0,0,0,34813867,31.9,3.295,1.845,1.8,25.4,0.854
SAU,Asia,Saudi Arabia,2020-03-14,103,17,0,0,0,2983,25351,0.005,0,0,0,0,34813867,31.9,3.295,1.845,1.8,25.4,0.854
SAU,Asia,Saudi Arabia,2020-03-15,103,0,0,0,0,2704,28055,0.004,0,0,0,0,34813867,31.9,3.295,1.845,1.8,25.4,0.854
SAU,Asia,Saudi Arabia,2020-03-16,118,15,0,0,0,3555,31610,0.004,0,0,0,0,34813867,31.9,3.295,1.845,1.8,25.4,0.854
SAU,Asia,Saudi Arabia,2020-03-17,171,53,0,0,0,4208,35818,0.006,0,0,0,0,34813867,31.9,3.295,1.845,1.8,25.4,0.854
SAU,Asia,Saudi Arabia,2020-03-18,171,0,0,0,0,3605,39423,0.006,0,0,0,0,34813867,31.9,3.295,1.845,1.8,25.4,0.854
SAU,Asia,Saudi Arabia,2020-03-19,274,103,0,0,0,4238,43661,0.009,0,0,0,0,34813867,31.9,3.295,1.845,1.8,25.4,0.854
SAU,Asia,Saudi Arabia,2020-03-20,344,70,0,0,0,4776,48437,0.01,0,0,0,0,34813867,31.9,3.295,1.845,1.8,25.4,0.854
SAU,Asia,Saudi Arabia,2020-03-21,392,48,0,0,0,5698,54135,0.01,0,0,0,0,34813867,31.9,3.295,1.845,1.8,25.4,0.854
SAU,Asia,Saudi Arabia,2020-03-22,511,119,0,0,0,6033,60168,0.013,0,0,0,0,34813867,31.9,3.295,1.845,1.8,25.4,0.854
SAU,Asia,Saudi Arabia,2020-03-23,562,51,0,0,0,7002,67170,0.012,0,0,0,0,34813867,31.9,3.295,1.845,1.8,25.4,0.854
SAU,Asia,Saudi Arabia,2020-03-24,767,205,1,1,0,5911,73081,0.016,0,0,0,0,34813867,31.9,3.295,1.845,1.8,25.4,0.854
SAU,Asia,Saudi Arabia,2020-03-25,900,133,2,1,0,4997,78078,0.019,0,0,0,0,34813867,31.9,3.295,1.845,1.8,25.4,0.854
SAU,Asia,Saudi Arabia,2020-03-26,1012,112,3,1,0,5673,83751,0.018,0,0,0,0,34813867,31.9,3.295,1.845,1.8,25.4,0.854
SAU,Asia,Saudi Arabia,2020-03-27,1104,92,3,0,0,6109,89860,0.018,0,0,0,0,34813867,31.9,3.295,1.845,1.8,25.4,0.854
SAU,Asia,Saudi Arabia,2020-03-28,1203,99,4,1,0,5944,95804,0.019,0,0,0,0,34813867,31.9,3.295,1.845,1.8,25.4,0.854
SAU,Asia,Saudi Arabia,2020-03-29,1299,96,8,4,0,6265,102069,0.019,0,0,0,0,34813867,31.9,3.295,1.845,1.8,25.4,0.854
SAU,Asia,Saudi Arabia,2020-03-30,1453,154,8,0,0,6894,108963,0.021,0,0,0,0,34813867,31.9,3.295,1.845,1.8,25.4,0.854
SAU,Asia,Saudi Arabia,2020-03-31,1563,110,10,2,0,7362,116325,0.018,0,0,0,0,34813867,31.9,3.295,1.845,1.8,25.4,0.854
SAU,Asia,Saudi Arabia,2020-04-01,1720,157,16,6,0,7381,123706,0.018,0,0,0,0,34813867,31.9,3.295,1.845,1.8,25.4,0.854
SAU,Asia,Saudi Arabia,2020-04-02,1885,165,21,5,0,7688,131394,0.018,0,0,0,0,34813867,31.9,3.295,1.845,1.8,25.4,0.854
SAU,Asia,Saudi Arabia,2020-04-03,2039,154,25,4,0,8012,139406,0.019,0,0,0,0,34813867,31.9,3.295,1.845,1.8,25.4,0.854
SAU,Asia,Saudi Arabia,2020-04-04,2179,140,29,4,0,7779,147185,0.019,0,0,0,0,34813867,31.9,3.295,1.845,1.8,25.4,0.854
SAU,Asia,Saudi Arabia,2020-04-05,2402,223,34,5,0,6778,153963,0.021,0,0,0,0,34813867,31.9,3.295,1.845,1.8,25.4,0.854
SAU,Asia,Saudi Arabia,2020-04-06,2605,203,38,4,0,6832,160795,0.022,0,0,0,0,34813867,31.9,3.295,1.845,1.8,25.4,0.854
SAU,Asia,Saudi Arabia,2020-04-07,2795,190,41,3,0,6384,167179,0.024,0,0,0,0,34813867,31.9,3.295,1.845,1.8,25.4,0.854
SAU,Asia,Saudi Arabia,2020-04-08,2932,137,41,0,0,6387,173566,0.024,0,0,0,0,34813867,31.9,3.295,1.845,1.8,25.4,0.854
SAU,Asia,Saudi Arabia,2020-04-09,3287,355,44,3,0,6819,180385,0.029,0,0,0,0,34813867,31.9,3.295,1.845,1.8,25.4,0.854
SAU,Asia,Saudi Arabia,2020-04-10,3651,364,47,3,0,7441,187826,0.033,0,0,0,0,34813867,31.9,3.295,1.845,1.8,25.4,0.854
SAU,Asia,Saudi Arabia,2020-04-11,4033,382,52,5,0,8993,196819,0.037,0,0,0,0,34813867,31.9,3.295,1.845,1.8,25.4,0.854
SAU,Asia,Saudi Arabia,2020-04-12,4462,429,59,7,0,7365,204184,0.041,0,0,0,0,34813867,31.9,3.295,1.845,1.8,25.4,0.854
SAU,Asia,Saudi Arabia,2020-04-13,4934,472,65,6,0,8219,212403,0.045,0,0,0,0,34813867,31.9,3.295,1.845,1.8,25.4,0.854
SAU,Asia,Saudi Arabia,2020-04-14,5369,435,73,8,0,8388,220791,0.048,0,0,0,0,34813867,31.9,3.295,1.845,1.8,25.4,0.854
SAU,Asia,Saudi Arabia,2020-04-15,5862,493,79,6,0,7669,228460,0.053,0,0,0,0,34813867,31.9,3.295,1.845,1.8,25.4,0.854
SAU,Asia,Saudi Arabia,2020-04-16,6380,518,83,4,0,8256,236716,0.055,0,0,0,0,34813867,31.9,3.295,1.845,1.8,25.4,0.854
SAU,Asia,Saudi Arabia,2020-04-17,7142,762,87,4,0,9006,245722,0.06,0,0,0,0,34813867,31.9,3.295,1.845,1.8,25.4,0.854
SAU,Asia,Saudi Arabia,2020-04-18,8274,1132,92,5,0,8733,254455,0.074,0,0,0,0,34813867,31.9,3.295,1.845,1.8,25.4,0.854
SAU,Asia,Saudi Arabia,2020-04-19,9362,1088,97,5,0,9578,264033,0.082,0,0,0,0,34813867,31.9,3.295,1.845,1.8,25.4,0.854
SAU,Asia,Saudi Arabia,2020-04-20,10484,1122,103,6,0,9260,273293,0.091,0,0,0,0,34813867,31.9,3.295,1.845,1.8,25.4,0.854
SAU,Asia,Saudi Arabia,2020-04-21,11631,1147,109,6,0,9222,282515,0.101,0,0,0,0,34813867,31.9,3.295,1.845,1.8,25.4,0.854
SAU,Asia,Saudi Arabia,2020-04-22,12772,1141,114,5,0,10340,292855,0.107,0,0,0,0,34813867,31.9,3.295,1.845,1.8,25.4,0.854
SAU,Asia,Saudi Arabia,2020-04-23,13930,1158,121,7,0,8547,301402,0.117,0,0,0,0,34813867,31.9,3.295,1.845,1.8,25.4,0.854
SAU,Asia,Saudi Arabia,2020-04-24,15102,1172,127,6,0,10203,311605,0.121,0,0,0,0,34813867,31.9,3.295,1.845,1.8,25.4,0.854
SAU,Asia,Saudi Arabia,2020-04-25,16299,1197,136,9,0,9055,320660,0.121,0,0,0,0,34813867,31.9,3.295,1.845,1.8,25.4,0.854
SAU,Asia,Saudi Arabia,2020-04-26,17522,1223,139,3,0,8967,329627,0.124,0,0,0,0,34813867,31.9,3.295,1.845,1.8,25.4,0.854
SAU,Asia,Saudi Arabia,2020-04-27,18811,1289,144,5,0,9325,338952,0.127,0,0,0,0,34813867,31.9,3.295,1.845,1.8,25.4,0.854
SAU,Asia,Saudi Arabia,2020-04-28,20077,1266,152,8,0,10887,349839,0.125,0,0,0,0,34813867,31.9,3.295,1.845,1.8,25.4,0.854
SAU,Asia,Saudi Arabia,2020-04-29,21402,1325,157,5,0,9658,359497,0.13,0,0,0,0,34813867,31.9,3.295,1.845,1.8,25.4,0.854
SAU,Asia,Saudi Arabia,2020-04-30,22753,1351,162,5,0,9288,368785,0.131,0,0,0,0,34813867,31.9,3.295,1.845,1.8,25.4,0.854
SAU,Asia,Saudi Arabia,2020-05-01,24097,1344,169,7,0,12820,381605,0.128,0,0,0,0,34813867,31.9,3.295,1.845,1.8,25.4,0.854
SAU,Asia,Saudi Arabia,2020-05-02,25459,1362,176,7,0,12780,394385,0.124,0,0,0,0,34813867,31.9,3.295,1.845,1.8,25.4,0.854
SAU,Asia,Saudi Arabia,2020-05-03,27011,1552,184,8,0,12006,406391,0.124,0,0,0,0,34813867,31.9,3.295,1.845,1.8,25.4,0.854
SAU,Asia,Saudi Arabia,2020-05-04,28656,1645,191,7,0,11514,417905,0.125,0,0,0,0,34813867,31.9,3.295,1.845,1.8,25.4,0.854
SAU,Asia,Saudi Arabia,2020-05-05,30251,1595,200,9,0,13052,430957,0.125,0,0,0,0,34813867,31.9,3.295,1.845,1.8,25.4,0.854
SAU,Asia,Saudi Arabia,2020-05-06,31938,1687,209,9,0,16026,446983,0.12,0,0,0,0,34813867,31.9,3.295,1.845,1.8,25.4,0.854
SAU,Asia,Saudi Arabia,2020-05-07,33731,1793,219,10,0,13037,460020,0.12,0,0,0,0,34813867,31.9,3.295,1.845,1.8,25.4,0.854
SAU,Asia,Saudi Arabia,2020-05-08,35432,1701,229,10,0,14778,474798,0.122,0,0,0,0,34813867,31.9,3.295,1.845,1.8,25.4,0.854
SAU,Asia,Saudi Arabia,2020-05-09,37136,1704,239,10,0,16144,490942,0.121,0,0,0,0,34813867,31.9,3.295,1.845,1.8,25.4,0.854
SAU,Asia,Saudi Arabia,2020-05-10,39048,1912,246,7,0,17725,508667,0.118,0,0,0,0,34813867,31.9,3.295,1.845,1.8,25.4,0.854
SAU,Asia,Saudi Arabia,2020-05-11,41014,1966,255,9,0,15005,523672,0.117,0,0,0,0,34813867,31.9,3.295,1.845,1.8,25.4,0.854
SAU,Asia,Saudi Arabia,2020-05-12,42925,1911,264,9,0,14574,538246,0.118,0,0,0,0,34813867,31.9,3.295,1.845,1.8,25.4,0.854
SAU,Asia,Saudi Arabia,2020-05-13,44830,1905,273,9,0,16639,554885,0.119,0,0,0,0,34813867,31.9,3.295,1.845,1.8,25.4,0.854
SAU,Asia,Saudi Arabia,2020-05-14,46869,2039,283,10,0,16678,571563,0.118,0,0,0,0,34813867,31.9,3.295,1.845,1.8,25.4,0.854
SAU,Asia,Saudi Arabia,2020-05-15,49176,2307,292,9,0,17758,589321,0.12,0,0,0,0,34813867,31.9,3.295,1.845,1.8,25.4,0.854
SAU,Asia,Saudi Arabia,2020-05-16,52016,2840,302,10,0,38382,627703,0.109,0,0,0,0,34813867,31.9,3.295,1.845,1.8,25.4,0.854
SAU,Asia,Saudi Arabia,2020-05-17,54752,2736,312,10,0,15549,643252,0.117,0,0,0,0,34813867,31.9,3.295,1.845,1.8,25.4,0.854
SAU,Asia,Saudi Arabia,2020-05-18,57345,2593,320,8,0,16130,659382,0.12,0,0,0,0,34813867,31.9,3.295,1.845,1.8,25.4,0.854
SAU,Asia,Saudi Arabia,2020-05-19,59854,2509,329,9,0,18094,677476,0.122,0,0,0,0,34813867,31.9,3.295,1.845,1.8,25.4,0.854
SAU,Asia,Saudi Arabia,2020-05-20,62545,2691,339,10,0,14980,692456,0.129,0,0,0,0,34813867,31.9,3.295,1.845,1.8,25.4,0.854
SAU,Asia,Saudi Arabia,2020-05-21,65077,2532,351,12,0,15899,708355,0.133,0,0,0,0,34813867,31.9,3.295,1.845,1.8,25.4,0.854
SAU,Asia,Saudi Arabia,2020-05-22,67719,2642,364,13,0,17558,725913,0.136,0,0,0,0,34813867,31.9,3.295,1.845,1.8,25.4,0.854
SAU,Asia,Saudi Arabia,2020-05-23,70161,2442,379,15,0,18919,744832,0.155,0,0,0,0,34813867,31.9,3.295,1.845,1.8,25.4,0.854
SAU,Asia,Saudi Arabia,2020-05-24,72560,2399,390,11,0,18545,763377,0.148,0,0,0,0,34813867,31.9,3.295,1.845,1.8,25.4,0.854
SAU,Asia,Saudi Arabia,2020-05-25,74795,2235,399,9,0,16664,780041,0.145,0,0,0,0,34813867,31.9,3.295,1.845,1.8,25.4,0.854
SAU,Asia,Saudi Arabia,2020-05-26,76726,1931,411,12,0,15525,795566,0.143,0,0,0,0,34813867,31.9,3.295,1.845,1.8,25.4,0.854
SAU,Asia,Saudi Arabia,2020-05-27,78541,1815,425,14,0,16428,811994,0.134,0,0,0,0,34813867,31.9,3.295,1.845,1.8,25.4,0.854
SAU,Asia,Saudi Arabia,2020-05-28,80185,1644,441,16,0,16769,828763,0.125,0,0,0,0,34813867,31.9,3.295,1.845,1.8,25.4,0.854
SAU,Asia,Saudi Arabia,2020-05-29,81766,1581,458,17,0,19104,847867,0.115,0,0,0,0,34813867,31.9,3.295,1.845,1.8,25.4,0.854
SAU,Asia,Saudi Arabia,2020-05-30,83384,1618,480,22,0,16200,864067,0.111,0,0,0,0,34813867,31.9,3.295,1.845,1.8,25.4,0.854
SAU,Asia,Saudi Arabia,2020-05-31,85261,1877,503,23,0,15854,879921,0.109,0,0,0,0,34813867,31.9,3.295,1.845,1.8,25.4,0.854
SAU,Asia,Saudi Arabia,2020-06-01,87142,1881,525,22,0,15364,895285,0.107,0,0,0,0,34813867,31.9,3.295,1.845,1.8,25.4,0.854
SAU,Asia,Saudi Arabia,2020-06-02,89011,1869,549,24,0,16976,912261,0.105,0,0,0,0,34813867,31.9,3.295,1.845,1.8,25.4,0.854
SAU,Asia,Saudi Arabia,2020-06-03,91182,2171,579,30,0,16246,928507,0.108,0,0,0,0,34813867,31.9,3.295,1.845,1.8,25.4,0.854
SAU,Asia,Saudi Arabia,2020-06-04,93157,1975,611,32,0,21763,950270,0.107,0,0,0,0,34813867,31.9,3.295,1.845,1.8,25.4,0.854
SAU,Asia,Saudi Arabia,2020-06-05,95748,2591,642,31,0,24229,974499,0.11,0,0,0,0,34813867,31.9,3.295,1.845,1.8,25.4,0.854
SAU,Asia,Saudi Arabia,2020-06-06,98869,3121,676,34,0,25036,999535,0.114,0,0,0,0,34813867,31.9,3.295,1.845,1.8,25.4,0.854
SAU,Asia,Saudi Arabia,2020-06-07,101914,3045,712,36,0,18578,1018113,0.121,0,0,0,0,34813867,31.9,3.295,1.845,1.8,25.4,0.854
SAU,Asia,Saudi Arabia,2020-06-08,105283,3369,746,34,0,20858,1038971,0.126,0,0,0,0,34813867,31.9,3.295,1.845,1.8,25.4,0.854
SAU,Asia,Saudi Arabia,2020-06-09,108571,3288,783,37,0,22139,1061110,0.131,0,0,0,0,34813867,31.9,3.295,1.845,1.8,25.4,0.854
SAU,Asia,Saudi Arabia,2020-06-10,112288,3717,819,36,0,22500,1083610,0.136,0,0,0,0,34813867,31.9,3.295,1.845,1.8,25.4,0.854
SAU,Asia,Saudi Arabia,2020-06-11,116021,3733,857,38,0,27324,1110934,0.142,0,0,0,0,34813867,31.9,3.295,1.845,1.8,25.4,0.854
SAU,Asia,Saudi Arabia,2020-06-12,119942,3921,893,36,0,17385,1128319,0.157,0,0,0,0,34813867,31.9,3.295,1.845,1.8,25.4,0.854
SAU,Asia,Saudi Arabia,2020-06-13,123308,3366,932,39,0,19377,1147696,0.165,0,0,0,0,34813867,31.9,3.295,1.845,1.8,25.4,0.854
SAU,Asia,Saudi Arabia,2020-06-14,127541,4233,972,40,0,20255,1167951,0.171,0,0,0,0,34813867,31.9,3.295,1.845,1.8,25.4,0.854
SAU,Asia,Saudi Arabia,2020-06-15,132048,4507,1011,39,0,17629,1185580,0.183,0,0,0,0,34813867,31.9,3.295,1.845,1.8,25.4,0.854
SAU,Asia,Saudi Arabia,2020-06-16,136315,4267,1052,41,0,23484,1209064,0.188,0,0,0,0,34813867,31.9,3.295,1.845,1.8,25.4,0.854
SAU,Asia,Saudi Arabia,2020-06-17,141234,4919,1091,39,0,30507,1239571,0.186,0,0,0,0,34813867,31.9,3.295,1.845,1.8,25.4,0.854
SAU,Asia,Saudi Arabia,2020-06-18,145991,4757,1139,48,0,26016,1265587,0.194,0,0,0,0,34813867,31.9,3.295,1.845,1.8,25.4,0.854
SAU,Asia,Saudi Arabia,2020-06-19,150292,4301,1184,45,0,24708,1290295,0.187,0,0,0,0,34813867,31.9,3.295,1.845,1.8,25.4,0.854
SAU,Asia,Saudi Arabia,2020-06-20,154233,3941,1230,46,0,35656,1325951,0.173,0,0,0,0,34813867,31.9,3.295,1.845,1.8,25.4,0.854
SAU,Asia,Saudi Arabia,2020-06-21,157612,3379,1267,37,0,33614,1359565,0.157,0,0,0,0,34813867,31.9,3.295,1.845,1.8,25.4,0.854
SAU,Asia,Saudi Arabia,2020-06-22,161005,3393,1307,40,0,27253,1386818,0.144,0,0,0,0,34813867,31.9,3.295,1.845,1.8,25.4,0.854
SAU,Asia,Saudi Arabia,2020-06-23,164144,3139,1346,39,0,34511,1421329,0.131,0,0,0,0,34813867,31.9,3.295,1.845,1.8,25.4,0.854
SAU,Asia,Saudi Arabia,2020-06-24,167267,3123,1387,41,0,37740,1459069,0.119,0,0,0,0,34813867,31.9,3.295,1.845,1.8,25.4,0.854
SAU,Asia,Saudi Arabia,2020-06-25,170639,3372,1428,41,0,38470,1497539,0.106,0,0,0,0,34813867,31.9,3.295,1.845,1.8,25.4,0.854
SAU,Asia,Saudi Arabia,2020-06-26,174577,3938,1474,46,0,44275,1541814,0.097,0,0,0,0,34813867,31.9,3.295,1.845,1.8,25.4,0.854
SAU,Asia,Saudi Arabia,2020-06-27,178504,3927,1511,37,0,45521,1587335,0.093,0,0,0,0,34813867,31.9,3.295,1.845,1.8,25.4,0.854
SAU,Asia,Saudi Arabia,2020-06-28,182493,3989,1551,40,0,45104,1632439,0.091,0,0,0,0,34813867,31.9,3.295,1.845,1.8,25.4,0.854
SAU,Asia,Saudi Arabia,2020-06-29,186436,3943,1599,48,0,48173,1680612,0.087,0,0,0,0,34813867,31.9,3.295,1.845,1.8,25.4,0.854
SAU,Asia,Saudi Arabia,2020-06-30,190823,4387,1649,50,0,35173,1715785,0.091,0,0,0,0,34813867,31.9,3.295,1.845,1.8,25.4,0.854
SAU,Asia,Saudi Arabia,2020-07-01,194225,3402,1698,49,0,53214,1768999,0.087,0,0,0,0,34813867,31.9,3.295,1.845,1.8,25.4,0.854
SAU,Asia,Saudi Arabia,2020-07-02,197608,3383,1752,54,0,43927,1812926,0.086,0,0,0,0,34813867,31.9,3.295,1.845,1.8,25.4,0.854
SAU,Asia,Saudi Arabia,2020-07-03,201801,4193,1802,50,0,52135,1865061,0.084,0,0,0,0,34813867,31.9,3.295,1.845,1.8,25.4,0.854
SAU,Asia,Saudi Arabia,2020-07-04,205929,4128,1858,56,0,50564,1915625,0.084,0,0,0,0,34813867,31.9,3.295,1.845,1.8,25.4,0.854
SAU,Asia,Saudi Arabia,2020-07-05,209509,3580,1916,58,0,60064,1975689,0.079,0,0,0,0,34813867,31.9,3.295,1.845,1.8,25.4,0.854
SAU,Asia,Saudi Arabia,2020-07-06,213716,4207,1968,52,0,42968,2018657,0.081,0,0,0,0,34813867,31.9,3.295,1.845,1.8,25.4,0.854
SAU,Asia,Saudi Arabia,2020-07-07,217108,3392,2017,49,0,56324,2074981,0.073,0,0,0,0,34813867,31.9,3.295,1.845,1.8,25.4,0.854
SAU,Asia,Saudi Arabia,2020-07-08,220144,3036,2059,42,0,56311,2131292,0.072,0,0,0,0,34813867,31.9,3.295,1.845,1.8,25.4,0.854
SAU,Asia,Saudi Arabia,2020-07-09,223327,3183,2100,41,0,57630,2188922,0.068,0,0,0,0,34813867,31.9,3.295,1.845,1.8,25.4,0.854
SAU,Asia,Saudi Arabia,2020-07-10,226486,3159,2151,51,0,50000,2238922,0.066,0,0,0,0,34813867,31.9,3.295,1.845,1.8,25.4,0.854
SAU,Asia,Saudi Arabia,2020-07-11,229480,2994,2181,30,0,47587,2286509,0.064,0,0,0,0,34813867,31.9,3.295,1.845,1.8,25.4,0.854
SAU,Asia,Saudi Arabia,2020-07-12,232259,2779,2223,42,0,69313,2355822,0.06,0,0,0,0,34813867,31.9,3.295,1.845,1.8,25.4,0.854
SAU,Asia,Saudi Arabia,2020-07-13,235111,2852,2243,20,0,43957,2399779,0.056,0,0,0,0,34813867,31.9,3.295,1.845,1.8,25.4,0.854
SAU,Asia,Saudi Arabia,2020-07-14,237803,2692,2283,40,0,62168,2461947,0.053,0,0,0,0,34813867,31.9,3.295,1.845,1.8,25.4,0.854
SAU,Asia,Saudi Arabia,2020-07-15,240474,2671,2325,42,0,61348,2523295,0.052,0,0,0,0,34813867,31.9,3.295,1.845,1.8,25.4,0.854
SAU,Asia,Saudi Arabia,2020-07-16,243238,2764,2370,45,0,68707,2592002,0.049,0,0,0,0,34813867,31.9,3.295,1.845,1.8,25.4,0.854
SAU,Asia,Saudi Arabia,2020-07-17,245851,2613,2407,37,0,65522,2657524,0.046,0,0,0,0,34813867,31.9,3.295,1.845,1.8,25.4,0.854
SAU,Asia,Saudi Arabia,2020-07-18,248416,2565,2447,40,0,51298,2708822,0.045,0,0,0,0,34813867,31.9,3.295,1.845,1.8,25.4,0.854
SAU,Asia,Saudi Arabia,2020-07-19,250920,2504,2486,39,0,60656,2769478,0.045,0,0,0,0,34813867,31.9,3.295,1.845,1.8,25.4,0.854
SAU,Asia,Saudi Arabia,2020-07-20,253349,2429,2523,37,0,59608,2829086,0.042,0,0,0,0,34813867,31.9,3.295,1.845,1.8,25.4,0.854
SAU,Asia,Saudi Arabia,2020-07-21,255825,2476,2557,34,0,55338,2884424,0.043,0,0,0,0,34813867,31.9,3.295,1.845,1.8,25.4,0.854
SAU,Asia,Saudi Arabia,2020-07-22,258156,2331,2601,44,0,60530,2944954,0.042,0,0,0,0,34813867,31.9,3.295,1.845,1.8,25.4,0.854
SAU,Asia,Saudi Arabia,2020-07-23,260394,2238,2635,34,0,55660,3000614,0.042,0,0,0,0,34813867,31.9,3.295,1.845,1.8,25.4,0.854
SAU,Asia,Saudi Arabia,2020-07-24,262772,2378,2672,37,0,55970,3056584,0.042,0,0,0,0,34813867,31.9,3.295,1.845,1.8,25.4,0.854
SAU,Asia,Saudi Arabia,2020-07-25,264973,2201,2703,31,0,60374,3116958,0.041,0,0,0,0,34813867,31.9,3.295,1.845,1.8,25.4,0.854
SAU,Asia,Saudi Arabia,2020-07-26,266941,1968,2733,30,0,56951,3173909,0.04,0,0,0,0,34813867,31.9,3.295,1.845,1.8,25.4,0.854
SAU,Asia,Saudi Arabia,2020-07-27,268934,1993,2760,27,0,67295,3241204,0.038,0,0,0,0,34813867,31.9,3.295,1.845,1.8,25.4,0.854
SAU,Asia,Saudi Arabia,2020-07-28,270831,1897,2789,29,0,66003,3307207,0.035,0,0,0,0,34813867,31.9,3.295,1.845,1.8,25.4,0.854
SAU,Asia,Saudi Arabia,2020-07-29,272590,1759,2816,27,0,55119,3362326,0.035,0,0,0,0,34813867,31.9,3.295,1.845,1.8,25.4,0.854
SAU,Asia,Saudi Arabia,2020-07-30,274219,1629,2842,26,0,64007,3426333,0.032,0,0,0,0,34813867,31.9,3.295,1.845,1.8,25.4,0.854
SAU,Asia,Saudi Arabia,2020-07-31,275905,1686,2866,24,0,48305,3474638,0.031,0,0,0,0,34813867,31.9,3.295,1.845,1.8,25.4,0.854
SAU,Asia,Saudi Arabia,2020-08-01,277478,1573,2887,21,0,39824,3514462,0.031,0,0,0,0,34813867,31.9,3.295,1.845,1.8,25.4,0.854
SAU,Asia,Saudi Arabia,2020-08-02,278835,1357,2917,30,0,44519,3558981,0.031,0,0,0,0,34813867,31.9,3.295,1.845,1.8,25.4,0.854
SAU,Asia,Saudi Arabia,2020-08-03,280093,1258,2949,32,0,57483,3616464,0.03,0,0,0,0,34813867,31.9,3.295,1.845,1.8,25.4,0.854
SAU,Asia,Saudi Arabia,2020-08-04,281456,1363,2984,35,0,55257,3671721,0.029,0,0,0,0,34813867,31.9,3.295,1.845,1.8,25.4,0.854
SAU,Asia,Saudi Arabia,2020-08-05,282824,1368,3020,36,0,58724,3730445,0.028,0,0,0,0,34813867,31.9,3.295,1.845,1.8,25.4,0.854
SAU,Asia,Saudi Arabia,2020-08-06,284226,1402,3055,35,0,61457,3791902,0.027,0,0,0,0,34813867,31.9,3.295,1.845,1.8,25.4,0.854
SAU,Asia,Saudi Arabia,2020-08-07,285793,1567,3093,38,0,64004,3855906,0.026,0,0,0,0,34813867,31.9,3.295,1.845,1.8,25.4,0.854
SAU,Asia,Saudi Arabia,2020-08-08,287262,1469,3130,37,0,61582,3917488,0.024,0,0,0,0,34813867,31.9,3.295,1.845,1.8,25.4,0.854
SAU,Asia,Saudi Arabia,2020-08-09,288690,1428,3167,37,0,62483,3979971,0.023,0,0,0,0,34813867,31.9,3.295,1.845,1.8,25.4,0.854
SAU,Asia,Saudi Arabia,2020-08-10,289947,1257,3199,32,0,63986,4043957,0.023,0,0,0,0,34813867,31.9,3.295,1.845,1.8,25.4,0.854
SAU,Asia,Saudi Arabia,2020-08-11,291468,1521,3233,34,0,70834,4114791,0.023,0,0,0,0,34813867,31.9,3.295,1.845,1.8,25.4,0.854
SAU,Asia,Saudi Arabia,2020-08-12,293037,1569,3269,36,0,73912,4188703,0.022,0,0,0,0,34813867,31.9,3.295,1.845,1.8,25.4,0.854
SAU,Asia,Saudi Arabia,2020-08-13,294519,1482,3303,34,0,69505,4258208,0.022,0,0,0,0,34813867,31.9,3.295,1.845,1.8,25.4,0.854
SAU,Asia,Saudi Arabia,2020-08-14,295902,1383,3338,35,0,67030,4325238,0.022,0,0,0,0,34813867,31.9,3.295,1.845,1.8,25.4,0.854
SAU,Asia,Saudi Arabia,2020-08-15,297315,1413,3369,31,0,63174,4388412,0.021,0,0,0,0,34813867,31.9,3.295,1.845,1.8,25.4,0.854
SAU,Asia,Saudi Arabia,2020-08-16,298542,1227,3408,39,0,58771,4447183,0.021,0,0,0,0,34813867,31.9,3.295,1.845,1.8,25.4,0.854
SAU,Asia,Saudi Arabia,2020-08-17,299914,1372,3436,28,0,63870,4511053,0.021,0,0,0,0,34813867,31.9,3.295,1.845,1.8,25.4,0.854
SAU,Asia,Saudi Arabia,2020-08-18,301323,1409,3470,34,0,64225,4575278,0.021,0,0,0,0,34813867,31.9,3.295,1.845,1.8,25.4,0.854
SAU,Asia,Saudi Arabia,2020-08-19,302686,1363,3506,36,0,64778,4640056,0.021,0,0,0,0,34813867,31.9,3.295,1.845,1.8,25.4,0.854
SAU,Asia,Saudi Arabia,2020-08-20,303973,1287,3548,42,0,65571,4705627,0.021,0,0,0,0,34813867,31.9,3.295,1.845,1.8,25.4,0.854
SAU,Asia,Saudi Arabia,2020-08-21,305186,1213,3580,32,0,62278,4767905,0.021,0,0,0,0,34813867,31.9,3.295,1.845,1.8,25.4,0.854
SAU,Asia,Saudi Arabia,2020-08-22,306370,1184,3619,39,0,55471,4823376,0.021,0,0,0,0,34813867,31.9,3.295,1.845,1.8,25.4,0.854
SAU,Asia,Saudi Arabia,2020-08-23,307479,1109,3649,30,0,61693,4885069,0.02,0,0,0,0,34813867,31.9,3.295,1.845,1.8,25.4,0.854
SAU,Asia,Saudi Arabia,2020-08-24,308654,1175,3691,42,0,61865,4946934,0.02,0,0,0,0,34813867,31.9,3.295,1.845,1.8,25.4,0.854
SAU,Asia,Saudi Arabia,2020-08-25,309768,1114,3722,31,0,61625,5008559,0.019,0,0,0,0,34813867,31.9,3.295,1.845,1.8,25.4,0.854
SAU,Asia,Saudi Arabia,2020-08-26,310836,1068,3755,33,0,66423,5074982,0.019,0,0,0,0,34813867,31.9,3.295,1.845,1.8,25.4,0.854
SAU,Asia,Saudi Arabia,2020-08-27,311855,1019,3785,30,0,63353,5138335,0.018,0,0,0,0,34813867,31.9,3.295,1.845,1.8,25.4,0.854
SAU,Asia,Saudi Arabia,2020-08-28,312924,1069,3813,28,0,55166,5193501,0.018,0,0,0,0,34813867,31.9,3.295,1.845,1.8,25.4,0.854
SAU,Asia,Saudi Arabia,2020-08-29,313911,987,3840,27,0,40624,5234125,0.018,0,0,0,0,34813867,31.9,3.295,1.845,1.8,25.4,0.854
SAU,Asia,Saudi Arabia,2020-08-30,314821,910,3870,30,0,50094,5284219,0.018,0,0,0,0,34813867,31.9,3.295,1.845,1.8,25.4,0.854
SAU,Asia,Saudi Arabia,2020-08-31,315772,951,3897,27,0,53147,5337366,0.018,0,0,0,0,34813867,31.9,3.295,1.845,1.8,25.4,0.854
SAU,Asia,Saudi Arabia,2020-09-01,316670,898,3929,32,0,55801,5393167,0.018,0,0,0,0,34813867,31.9,3.295,1.845,1.8,25.4,0.854
SAU,Asia,Saudi Arabia,2020-09-02,317486,816,3956,27,0,51811,5444978,0.018,0,0,0,0,34813867,31.9,3.295,1.845,1.8,25.4,0.854
SAU,Asia,Saudi Arabia,2020-09-03,318319,833,3982,26,0,55805,5500783,0.018,0,0,0,0,34813867,31.9,3.295,1.845,1.8,25.4,0.854
SAU,Asia,Saudi Arabia,2020-09-04,319141,822,4015,33,0,53168,5553951,0.017,0,0,0,0,34813867,31.9,3.295,1.845,1.8,25.4,0.854
SAU,Asia,Saudi Arabia,2020-09-05,319932,791,4049,34,0,44823,5598774,0.017,0,0,0,0,34813867,31.9,3.295,1.845,1.8,25.4,0.854
SAU,Asia,Saudi Arabia,2020-09-06,320688,756,4081,32,0,47329,5646103,0.016,0,0,0,0,34813867,31.9,3.295,1.845,1.8,25.4,0.854
SAU,Asia,Saudi Arabia,2020-09-07,321456,768,4107,26,0,51848,5697951,0.016,0,0,0,0,34813867,31.9,3.295,1.845,1.8,25.4,0.854
SAU,Asia,Saudi Arabia,2020-09-08,322237,781,4137,30,0,52363,5750314,0.016,0,0,0,0,34813867,31.9,3.295,1.845,1.8,25.4,0.854
SAU,Asia,Saudi Arabia,2020-09-09,323012,775,4165,28,0,44449,5794763,0.016,0,0,0,0,34813867,31.9,3.295,1.845,1.8,25.4,0.854
SAU,Asia,Saudi Arabia,2020-09-10,323720,708,4189,24,0,58742,5853505,0.015,0,0,0,0,34813867,31.9,3.295,1.845,1.8,25.4,0.854
SAU,Asia,Saudi Arabia,2020-09-11,324407,687,4213,24,0,44336,5897841,0.015,0,0,0,0,34813867,31.9,3.295,1.845,1.8,25.4,0.854
SAU,Asia,Saudi Arabia,2020-09-12,325050,643,4240,27,0,39380,5937221,0.015,0,0,0,0,34813867,31.9,3.295,1.845,1.8,25.4,0.854
SAU,Asia,Saudi Arabia,2020-09-13,325651,601,4268,28,0,47183,5984404,0.015,0,0,0,0,34813867,31.9,3.295,1.845,1.8,25.4,0.854
SAU,Asia,Saudi Arabia,2020-09-14,326258,607,4305,37,0,54611,6039015,0.014,0,0,0,0,34813867,31.9,3.295,1.845,1.8,25.4,0.854
SAU,Asia,Saudi Arabia,2020-09-15,326930,672,4338,33,0,53352,6092367,0.014,0,0,0,0,34813867,31.9,3.295,1.845,1.8,25.4,0.854
SAU,Asia,Saudi Arabia,2020-09-16,327551,621,4369,31,0,52193,6144560,0.013,0,0,0,0,34813867,31.9,3.295,1.845,1.8,25.4,0.854
SAU,Asia,Saudi Arabia,2020-09-17,328144,593,4399,30,0,52858,6197418,0.013,0,0,0,0,34813867,31.9,3.295,1.845,1.8,25.4,0.854
SAU,Asia,Saudi Arabia,2020-09-18,328720,576,4430,31,0,46190,6243608,0.012,0,0,0,0,34813867,31.9,3.295,1.845,1.8,25.4,0.854
SAU,Asia,Saudi Arabia,2020-09-19,329271,551,4458,28,0,43191,6286799,0.012,0,0,0,0,34813867,31.9,3.295,1.845,1.8,25.4,0.854
SAU,Asia,Saudi Arabia,2020-09-20,329754,483,4485,27,0,46810,6333609,0.012,0,0,0,0,34813867,31.9,3.295,1.845,1.8,25.4,0.854
SAU,Asia,Saudi Arabia,2020-09-21,330246,492,4512,27,0,51525,6385134,0.012,0,0,0,0,34813867,31.9,3.295,1.845,1.8,25.4,0.854
SAU,Asia,Saudi Arabia,2020-09-22,330798,552,4542,30,0,48854,6433988,0.011,0,0,0,0,34813867,31.9,3.295,1.845,1.8,25.4,0.854
SAU,Asia,Saudi Arabia,2020-09-23,331359,561,4569,27,0,46037,6480025,0.011,0,0,0,0,34813867,31.9,3.295,1.845,1.8,25.4,0.854
SAU,Asia,Saudi Arabia,2020-09-24,331857,498,4599,30,0,38698,6518723,0.012,0,0,0,0,34813867,31.9,3.295,1.845,1.8,25.4,0.854
SAU,Asia,Saudi Arabia,2020-09-25,332329,472,4625,26,0,38528,6557251,0.012,0,0,0,0,34813867,31.9,3.295,1.845,1.8,25.4,0.854
SAU,Asia,Saudi Arabia,2020-09-26,332790,461,4655,30,0,34300,6591551,0.012,0,0,0,0,34813867,31.9,3.295,1.845,1.8,25.4,0.854
SAU,Asia,Saudi Arabia,2020-09-27,333193,403,4683,28,0,44112,6635663,0.011,0,0,0,0,34813867,31.9,3.295,1.845,1.8,25.4,0.854
SAU,Asia,Saudi Arabia,2020-09-28,333648,455,4712,29,0,51676,6687339,0.011,0,0,0,0,34813867,31.9,3.295,1.845,1.8,25.4,0.854
SAU,Asia,Saudi Arabia,2020-09-29,334187,539,4739,27,0,47320,6734659,0.011,0,0,0,0,34813867,31.9,3.295,1.845,1.8,25.4,0.854
SAU,Asia,Saudi Arabia,2020-09-30,334605,418,4768,29,0,49535,6784194,0.011,0,0,0,0,34813867,31.9,3.295,1.845,1.8,25.4,0.854
SAU,Asia,Saudi Arabia,2020-10-01,335097,492,4794,26,0,51632,6835826,0.01,0,0,0,0,34813867,31.9,3.295,1.845,1.8,25.4,0.854
SAU,Asia,Saudi Arabia,2020-10-02,335578,481,4823,29,0,46019,6881845,0.01,0,0,0,0,34813867,31.9,3.295,1.845,1.8,25.4,0.854
SAU,Asia,Saudi Arabia,2020-10-03,335997,419,4850,27,0,39340,6921185,0.01,0,0,0,0,34813867,31.9,3.295,1.845,1.8,25.4,0.854
SAU,Asia,Saudi Arabia,2020-10-04,336387,390,4875,25,0,47129,6968314,0.01,0,0,0,0,34813867,31.9,3.295,1.845,1.8,25.4,0.854
SAU,Asia,Saudi Arabia,2020-10-05,336766,379,4898,23,0,50785,7019099,0.009,0,0,0,0,34813867,31.9,3.295,1.845,1.8,25.4,0.854
SAU,Asia,Saudi Arabia,2020-10-06,337243,477,4923,25,0,52184,7071283,0.009,0,0,0,0,34813867,31.9,3.295,1.845,1.8,25.4,0.854
SAU,Asia,Saudi Arabia,2020-10-07,337711,468,4947,24,0,48341,7119624,0.009,0,0,0,0,34813867,31.9,3.295,1.845,1.8,25.4,0.854
SAU,Asia,Saudi Arabia,2020-10-08,338132,421,4972,25,0,53894,7173518,0.009,0,0,0,0,34813867,31.9,3.295,1.845,1.8,25.4,0.854
SAU,Asia,Saudi Arabia,2020-10-09,338539,407,4996,24,0,46189,7219707,0.009,0,0,0,0,34813867,31.9,3.295,1.845,1.8,25.4,0.854
SAU,Asia,Saudi Arabia,2020-10-10,338944,405,5018,22,0,38239,7257946,0.009,0,0,0,0,34813867,31.9,3.295,1.845,1.8,25.4,0.854
SAU,Asia,Saudi Arabia,2020-10-11,339267,323,5043,25,0,45703,7303649,0.009,0,0,0,0,34813867,31.9,3.295,1.845,1.8,25.4,0.854
SAU,Asia,Saudi Arabia,2020-10-12,339615,348,5068,25,0,49495,7353144,0.009,0,0,0,0,34813867,31.9,3.295,1.845,1.8,25.4,0.854
SAU,Asia,Saudi Arabia,2020-10-13,340089,474,5087,19,0,51849,7404993,0.009,0,0,0,0,34813867,31.9,3.295,1.845,1.8,25.4,0.854
SAU,Asia,Saudi Arabia,2020-10-14,340590,501,5108,21,0,52966,7457959,0.009,0,0,0,0,34813867,31.9,3.295,1.845,1.8,25.4,0.854
SAU,Asia,Saudi Arabia,2020-10-15,341062,472,5127,19,0,53032,7510991,0.009,0,0,0,0,34813867,31.9,3.295,1.845,1.8,25.4,0.854
SAU,Asia,Saudi Arabia,2020-10-16,341495,433,5144,17,0,47926,7558917,0.009,0,0,0,0,34813867,31.9,3.295,1.845,1.8,25.4,0.854
SAU,Asia,Saudi Arabia,2020-10-17,341854,359,5165,21,0,38385,7597302,0.009,0,0,0,0,34813867,31.9,3.295,1.845,1.8,25.4,0.854
SAU,Asia,Saudi Arabia,2020-10-18,342202,348,5185,20,0,48884,7646186,0.009,0,0,0,0,34813867,31.9,3.295,1.845,1.8,25.4,0.854
SAU,Asia,Saudi Arabia,2020-10-19,342583,381,5201,16,0,54477,7700663,0.009,0,0,0,0,34813867,31.9,3.295,1.845,1.8,25.4,0.854
SAU,Asia,Saudi Arabia,2020-10-20,342968,385,5217,16,0,51643,7752306,0.008,0,0,0,0,34813867,31.9,3.295,1.845,1.8,25.4,0.854
SAU,Asia,Saudi Arabia,2020-10-21,343373,405,5235,18,0,53523,7805829,0.008,0,0,0,0,34813867,31.9,3.295,1.845,1.8,25.4,0.854
SAU,Asia,Saudi Arabia,2020-10-22,343774,401,5250,15,0,52876,7858705,0.008,0,0,0,0,34813867,31.9,3.295,1.845,1.8,25.4,0.854
SAU,Asia,Saudi Arabia,2020-10-23,344157,383,5264,14,0,54809,7913514,0.008,0,0,0,0,34813867,31.9,3.295,1.845,1.8,25.4,0.854
SAU,Asia,Saudi Arabia,2020-10-24,344552,395,5281,17,0,50014,7963528,0.007,0,0,0,0,34813867,31.9,3.295,1.845,1.8,25.4,0.854
SAU,Asia,Saudi Arabia,2020-10-25,344875,323,5296,15,0,52321,8015849,0.007,0,0,0,0,34813867,31.9,3.295,1.845,1.8,25.4,0.854
SAU,Asia,Saudi Arabia,2020-10-26,345232,357,5313,17,0,57870,8073719,0.007,0,0,0,0,34813867,31.9,3.295,1.845,1.8,25.4,0.854
SAU,Asia,Saudi Arabia,2020-10-27,345631,399,5329,16,0,58561,8132280,0.007,0,0,0,0,34813867,31.9,3.295,1.845,1.8,25.4,0.854
SAU,Asia,Saudi Arabia,2020-10-28,346047,416,5348,19,0,55907,8188187,0.007,0,0,0,0,34813867,31.9,3.295,1.845,1.8,25.4,0.854
SAU,Asia,Saudi Arabia,2020-10-29,346482,435,5363,15,0,56255,8244442,0.007,0,0,0,0,34813867,31.9,3.295,1.845,1.8,25.4,0.854
SAU,Asia,Saudi Arabia,2020-10-30,346880,398,5383,20,0,51418,8295860,0.007,0,0,0,0,34813867,31.9,3.295,1.845,1.8,25.4,0.854
SAU,Asia,Saudi Arabia,2020-10-31,347282,402,5402,19,0,44840,8340700,0.007,0,0,0,0,34813867,31.9,3.295,1.845,1.8,25.4,0.854
SAU,Asia,Saudi Arabia,2020-11-01,347656,374,5420,18,0,53819,8394519,0.007,0,0,0,0,34813867,31.9,3.295,1.845,1.8,25.4,0.854
SAU,Asia,Saudi Arabia,2020-11-02,348037,381,5437,17,0,58930,8453449,0.007,0,0,0,0,34813867,31.9,3.295,1.845,1.8,25.4,0.854
SAU,Asia,Saudi Arabia,2020-11-03,348510,473,5456,19,0,63664,8517113,0.007,0,0,0,0,34813867,31.9,3.295,1.845,1.8,25.4,0.854
SAU,Asia,Saudi Arabia,2020-11-04,348936,426,5471,15,0,59317,8576430,0.007,0,0,0,0,34813867,31.9,3.295,1.845,1.8,25.4,0.854
SAU,Asia,Saudi Arabia,2020-11-05,349386,450,5489,18,0,61866,8638296,0.007,0,0,0,0,34813867,31.9,3.295,1.845,1.8,25.4,0.854
SAU,Asia,Saudi Arabia,2020-11-06,349822,436,5506,17,0,53726,8692022,0.007,0,0,0,0,34813867,31.9,3.295,1.845,1.8,25.4,0.854
SAU,Asia,Saudi Arabia,2020-11-07,350229,407,5525,19,0,45471,8737493,0.007,0,0,0,0,34813867,31.9,3.295,1.845,1.8,25.4,0.854
SAU,Asia,Saudi Arabia,2020-11-08,350592,363,5540,15,0,53583,8791076,0.007,0,0,0,0,34813867,31.9,3.295,1.845,1.8,25.4,0.854
SAU,Asia,Saudi Arabia,2020-11-09,350984,392,5559,19,0,64590,8855666,0.007,0,0,0,0,34813867,31.9,3.295,1.845,1.8,25.4,0.854
SAU,Asia,Saudi Arabia,2020-11-10,351455,471,5576,17,0,62922,8918588,0.007,0,0,0,0,34813867,31.9,3.295,1.845,1.8,25.4,0.854
SAU,Asia,Saudi Arabia,2020-11-11,351849,394,5590,14,0,50851,8969439,0.007,0,0,0,0,34813867,31.9,3.295,1.845,1.8,25.4,0.854
SAU,Asia,Saudi Arabia,2020-11-12,352160,311,5605,15,0,62611,9032050,0.007,0,0,0,0,34813867,31.9,3.295,1.845,1.8,25.4,0.854
SAU,Asia,Saudi Arabia,2020-11-13,352601,441,5625,20,0,51139,9083189,0.007,0,0,0,0,34813867,31.9,3.295,1.845,1.8,25.4,0.854
SAU,Asia,Saudi Arabia,2020-11-14,352950,349,5641,16,0,44855,9128044,0.007,0,0,0,0,34813867,31.9,3.295,1.845,1.8,25.4,0.854
SAU,Asia,Saudi Arabia,2020-11-15,353255,305,5657,16,0,53147,9181191,0.007,0,0,0,0,34813867,31.9,3.295,1.845,1.8,25.4,0.854
SAU,Asia,Saudi Arabia,2020-11-16,353556,301,5676,19,0,59792,9240983,0.007,0,0,0,0,34813867,31.9,3.295,1.845,1.8,25.4,0.854
SAU,Asia,Saudi Arabia,2020-11-17,353918,362,5692,16,0,56691,9297674,0.006,0,0,0,0,34813867,31.9,3.295,1.845,1.8,25.4,0.854
SAU,Asia,Saudi Arabia,2020-11-18,354208,290,5710,18,0,59259,9356933,0.006,0,0,0,0,34813867,31.9,3.295,1.845,1.8,25.4,0.854
SAU,Asia,Saudi Arabia,2020-11-19,354527,319,5729,19,0,57434,9414367,0.006,0,0,0,0,34813867,31.9,3.295,1.845,1.8,25.4,0.854
SAU,Asia,Saudi Arabia,2020-11-20,354813,286,5745,16,0,47445,9461812,0.006,0,0,0,0,34813867,31.9,3.295,1.845,1.8,25.4,0.854
SAU,Asia,Saudi Arabia,2020-11-21,355034,221,5761,16,0,36558,9498370,0.006,0,0,0,0,34813867,31.9,3.295,1.845,1.8,25.4,0.854
SAU,Asia,Saudi Arabia,2020-11-22,355258,224,5780,19,0,40395,9538765,0.006,0,0,0,0,34813867,31.9,3.295,1.845,1.8,25.4,0.854
SAU,Asia,Saudi Arabia,2020-11-23,355489,231,5796,16,0,55276,9594041,0.005,0,0,0,0,34813867,31.9,3.295,1.845,1.8,25.4,0.854
SAU,Asia,Saudi Arabia,2020-11-24,355741,252,5811,15,0,50738,9644779,0.005,0,0,0,0,34813867,31.9,3.295,1.845,1.8,25.4,0.854
SAU,Asia,Saudi Arabia,2020-11-25,356067,326,5825,14,0,51831,9696610,0.005,0,0,0,0,34813867,31.9,3.295,1.845,1.8,25.4,0.854
SAU,Asia,Saudi Arabia,2020-11-26,356389,322,5840,15,0,51949,9748559,0.006,0,0,0,0,34813867,31.9,3.295,1.845,1.8,25.4,0.854
SAU,Asia,Saudi Arabia,2020-11-27,356691,302,5857,17,0,36709,9785268,0.006,0,0,0,0,34813867,31.9,3.295,1.845,1.8,25.4,0.854
SAU,Asia,Saudi Arabia,2020-11-28,356911,220,5870,13,0,34616,9819884,0.006,0,0,0,0,34813867,31.9,3.295,1.845,1.8,25.4,0.854
SAU,Asia,Saudi Arabia,2020-11-29,357128,217,5884,14,0,39224,9859108,0.006,0,0,0,0,34813867,31.9,3.295,1.845,1.8,25.4,0.854
SAU,Asia,Saudi Arabia,2020-11-30,357360,232,5896,12,0,46372,9905480,0.006,0,0,0,0,34813867,31.9,3.295,1.845,1.8,25.4,0.854
SAU,Asia,Saudi Arabia,2020-12-01,357623,263,5907,11,0,47337,9952817,0.006,0,0,0,0,34813867,31.9,3.295,1.845,1.8,25.4,0.854
SAU,Asia,Saudi Arabia,2020-12-02,357872,249,5919,12,0,42125,9994942,0.006,0,0,0,0,34813867,31.9,3.295,1.845,1.8,25.4,0.854
SAU,Asia,Saudi Arabia,2020-12-03,358102,230,5930,11,0,44306,10039248,0.006,0,0,0,0,34813867,31.9,3.295,1.845,1.8,25.4,0.854
SAU,Asia,Saudi Arabia,2020-12-04,358336,234,5940,10,0,34621,10073869,0.006,0,0,0,0,34813867,31.9,3.295,1.845,1.8,25.4,0.854
SAU,Asia,Saudi Arabia,2020-12-05,358526,190,5954,14,0,32790,10106659,0.006,0,0,0,0,34813867,31.9,3.295,1.845,1.8,25.4,0.854
SAU,Asia,Saudi Arabia,2020-12-06,358713,187,5965,11,0,40371,10147030,0.006,0,0,0,0,34813867,31.9,3.295,1.845,1.8,25.4,0.854
SAU,Asia,Saudi Arabia,2020-12-07,358922,209,5977,12,0,44601,10191631,0.005,0,0,0,0,34813867,31.9,3.295,1.845,1.8,25.4,0.854
SAU,Asia,Saudi Arabia,2020-12-08,359115,193,5989,12,0,41959,10233590,0.005,0,0,0,0,34813867,31.9,3.295,1.845,1.8,25.4,0.854
SAU,Asia,Saudi Arabia,2020-12-09,359274,159,6002,13,0,41775,10275365,0.005,0,0,0,0,34813867,31.9,3.295,1.845,1.8,25.4,0.854
SAU,Asia,Saudi Arabia,2020-12-10,359415,141,6012,10,0,41267,10316632,0.005,0,0,0,0,34813867,31.9,3.295,1.845,1.8,25.4,0.854
SAU,Asia,Saudi Arabia,2020-12-11,359583,168,6023,11,0,32958,10349590,0.005,0,0,0,0,34813867,31.9,3.295,1.845,1.8,25.4,0.854
SAU,Asia,Saudi Arabia,2020-12-12,359749,166,6036,13,0,29142,10378732,0.004,0,0,0,0,34813867,31.9,3.295,1.845,1.8,25.4,0.854
SAU,Asia,Saudi Arabia,2020-12-13,359888,139,6048,12,0,30902,10409634,0.004,0,0,0,0,34813867,31.9,3.295,1.845,1.8,25.4,0.854
SAU,Asia,Saudi Arabia,2020-12-14,360013,125,6059,11,0,34552,10444186,0.004,0,0,0,0,34813867,31.9,3.295,1.845,1.8,25.4,0.854
SAU,Asia,Saudi Arabia,2020-12-15,360155,142,6069,10,0,46619,10490805,0.004,0,0,0,0,34813867,31.9,3.295,1.845,1.8,25.4,0.854
SAU,Asia,Saudi Arabia,2020-12-16,360335,180,6080,11,0,39441,10530246,0.004,0,0,0,0,34813867,31.9,3.295,1.845,1.8,25.4,0.854
SAU,Asia,Saudi Arabia,2020-12-17,360516,181,6091,11,0,42448,10572694,0.004,0,0,0,0,34813867,31.9,3.295,1.845,1.8,25.4,0.854
SAU,Asia,Saudi Arabia,2020-12-18,360690,174,6101,10,0,33676,10606370,0.004,0,0,0,0,34813867,31.9,3.295,1.845,1.8,25.4,0.854
SAU,Asia,Saudi Arabia,2020-12-19,360848,158,6112,11,0,33275,10639645,0.004,0,0,0,0,34813867,31.9,3.295,1.845,1.8,25.4,0.854
SAU,Asia,Saudi Arabia,2020-12-20,361010,162,6122,10,0,36373,10676018,0.004,0,0,0,0,34813867,31.9,3.295,1.845,1.8,25.4,0.854
SAU,Asia,Saudi Arabia,2020-12-21,361178,168,6131,9,0,39610,10715628,0.004,0,0,0,0,34813867,31.9,3.295,1.845,1.8,25.4,0.854
SAU,Asia,Saudi Arabia,2020-12-22,361359,181,6139,8,0,39564,10755192,0.005,0,0,0,0,34813867,31.9,3.295,1.845,1.8,25.4,0.854
SAU,Asia,Saudi Arabia,2020-12-23,361536,177,6148,9,0,34698,10789890,0.005,0,0,0,0,34813867,31.9,3.295,1.845,1.8,25.4,0.854
SAU,Asia,Saudi Arabia,2020-12-24,361725,189,6159,11,0,32339,10822229,0.005,0,0,0,0,34813867,31.9,3.295,1.845,1.8,25.4,0.854
SAU,Asia,Saudi Arabia,2020-12-25,361903,178,6168,9,0,28916,10851145,0.005,0,0,0,0,34813867,31.9,3.295,1.845,1.8,25.4,0.854
SAU,Asia,Saudi Arabia,2020-12-26,362066,163,6176,8,0,21775,10872920,0.005,0,0,0,0,34813867,31.9,3.295,1.845,1.8,25.4,0.854
SAU,Asia,Saudi Arabia,2020-12-27,362220,154,6185,9,0,30109,10903029,0.005,0,0,0,0,34813867,31.9,3.295,1.845,1.8,25.4,0.854
SAU,Asia,Saudi Arabia,2020-12-28,362339,119,6196,11,0,34677,10937706,0.005,0,0,0,0,34813867,31.9,3.295,1.845,1.8,25.4,0.854
SAU,Asia,Saudi Arabia,2020-12-29,362488,149,6204,8,0,36149,10973855,0.005,0,0,0,0,34813867,31.9,3.295,1.845,1.8,25.4,0.854
SAU,Asia,Saudi Arabia,2020-12-30,362601,113,6214,10,0,36529,11010384,0.005,0,0,0,0,34813867,31.9,3.295,1.845,1.8,25.4,0.854
SAU,Asia,Saudi Arabia,2020-12-31,362741,140,6223,9,0,36383,11046767,0.005,0,0,0,0,34813867,31.9,3.295,1.845,1.8,25.4,0.854
SAU,Asia,Saudi Arabia,2021-01-01,362878,137,6230,7,0,27169,11073936,0.004,0,0,0,0,34813867,31.9,3.295,1.845,1.8,25.4,0.854
SAU,Asia,Saudi Arabia,2021-01-02,362979,101,6239,9,0,29252,11103188,0.004,0,0,0,0,34813867,31.9,3.295,1.845,1.8,25.4,0.854
SAU,Asia,Saudi Arabia,2021-01-03,363061,82,6246,7,0,31689,11134877,0.004,0,0,0,0,34813867,31.9,3.295,1.845,1.8,25.4,0.854
SAU,Asia,Saudi Arabia,2021-01-04,363155,94,6256,10,0,39433,11174310,0.003,0,0,0,0,34813867,31.9,3.295,1.845,1.8,25.4,0.854
SAU,Asia,Saudi Arabia,2021-01-05,363259,104,6265,9,0,39795,11214105,0.003,0,0,0,0,34813867,31.9,3.295,1.845,1.8,25.4,0.854
SAU,Asia,Saudi Arabia,2021-01-06,363377,118,6272,7,0,36161,11250266,0.003,137862,0,0,0,34813867,31.9,3.295,1.845,1.8,25.4,0.854
SAU,Asia,Saudi Arabia,2021-01-07,363485,108,6278,6,0,47061,11297327,0.003,0,0,0,0,34813867,31.9,3.295,1.845,1.8,25.4,0.854
SAU,Asia,Saudi Arabia,2021-01-08,363582,97,6282,4,0,37043,11334370,0.003,0,0,0,0,34813867,31.9,3.295,1.845,1.8,25.4,0.854
SAU,Asia,Saudi Arabia,2021-01-09,363692,110,6286,4,0,28324,11362694,0.003,178338,0,0,0,34813867,31.9,3.295,1.845,1.8,25.4,0.854
SAU,Asia,Saudi Arabia,2021-01-10,363809,117,6291,5,0,42599,11405293,0.003,0,0,0,0,34813867,31.9,3.295,1.845,1.8,25.4,0.854
SAU,Asia,Saudi Arabia,2021-01-11,363949,140,6295,4,0,50138,11455431,0.003,0,0,0,0,34813867,31.9,3.295,1.845,1.8,25.4,0.854
SAU,Asia,Saudi Arabia,2021-01-12,364096,147,6300,5,0,48910,11504341,0.003,0,0,0,0,34813867,31.9,3.295,1.845,1.8,25.4,0.854
SAU,Asia,Saudi Arabia,2021-01-13,364271,175,6304,4,0,49133,11553474,0.003,0,0,0,0,34813867,31.9,3.295,1.845,1.8,25.4,0.854
SAU,Asia,Saudi Arabia,2021-01-14,364440,169,6310,6,0,50695,11604169,0.003,0,0,0,0,34813867,31.9,3.295,1.845,1.8,25.4,0.854
SAU,Asia,Saudi Arabia,2021-01-15,364613,173,6313,3,0,43255,11647424,0.003,0,0,0,0,34813867,31.9,3.295,1.845,1.8,25.4,0.854
SAU,Asia,Saudi Arabia,2021-01-16,364753,140,6318,5,0,39774,11687198,0.003,295530,0,0,0,34813867,31.9,3.295,1.845,1.8,25.4,0.854
SAU,Asia,Saudi Arabia,2021-01-17,364929,176,6323,5,0,45064,11732262,0.003,0,0,0,0,34813867,31.9,3.295,1.845,1.8,25.4,0.854
SAU,Asia,Saudi Arabia,2021-01-18,365099,170,6329,6,0,56351,11788613,0.003,0,0,0,0,34813867,31.9,3.295,1.845,1.8,25.4,0.854
SAU,Asia,Saudi Arabia,2021-01-19,365325,226,6335,6,0,52565,11841178,0.004,0,0,0,0,34813867,31.9,3.295,1.845,1.8,25.4,0.854
SAU,Asia,Saudi Arabia,2021-01-20,365563,238,6338,3,0,52105,11893283,0.004,0,0,0,0,34813867,31.9,3.295,1.845,1.8,25.4,0.854
SAU,Asia,Saudi Arabia,2021-01-21,365775,212,6342,4,0,49306,11942589,0.004,0,0,0,0,34813867,31.9,3.295,1.845,1.8,25.4,0.854
SAU,Asia,Saudi Arabia,2021-01-22,365988,213,6346,4,0,33875,11976464,0.004,0,0,0,0,34813867,31.9,3.295,1.845,1.8,25.4,0.854
SAU,Asia,Saudi Arabia,2021-01-23,366185,197,6350,4,0,35527,12011991,0.004,391643,0,0,0,34813867,31.9,3.295,1.845,1.8,25.4,0.854
SAU,Asia,Saudi Arabia,2021-01-24,366371,186,6352,2,0,43695,12055686,0.004,0,0,0,0,34813867,31.9,3.295,1.845,1.8,25.4,0.854
SAU,Asia,Saudi Arabia,2021-01-25,366584,213,6355,3,0,44642,12100328,0.005,0,0,0,0,34813867,31.9,3.295,1.845,1.8,25.4,0.854
SAU,Asia,Saudi Arabia,2021-01-26,366807,223,6359,4,0,46333,12146661,0.005,0,0,0,0,34813867,31.9,3.295,1.845,1.8,25.4,0.854
SAU,Asia,Saudi Arabia,2021-01-27,367023,216,6363,4,0,45115,12191776,0.005,0,0,0,0,34813867,31.9,3.295,1.845,1.8,25.4,0.854
SAU,Asia,Saudi Arabia,2021-01-28,367276,253,6366,3,0,48445,12240221,0.005,0,0,0,0,34813867,31.9,3.295,1.845,1.8,25.4,0.854
SAU,Asia,Saudi Arabia,2021-01-29,367543,267,6368,2,0,36768,12276989,0.005,0,0,0,0,34813867,31.9,3.295,1.845,1.8,25.4,0.854
SAU,Asia,Saudi Arabia,2021-01-30,367813,270,6372,4,0,36964,12313953,0.005,440618,0,0,0,34813867,31.9,3.295,1.845,1.8,25.4,0.854
SAU,Asia,Saudi Arabia,2021-01-31,368074,261,6375,3,0,44496,12358449,0.006,0,0,0,0,34813867,31.9,3.295,1.845,1.8,25.4,0.854
SAU,Asia,Saudi Arabia,2021-02-01,368329,255,6379,4,0,52176,12410625,0.006,0,0,0,0,34813867,31.9,3.295,1.845,1.8,25.4,0.854
SAU,Asia,Saudi Arabia,2021-02-02,368639,310,6383,4,0,51597,12462222,0.006,0,0,0,0,34813867,31.9,3.295,1.845,1.8,25.4,0.854
SAU,Asia,Saudi Arabia,2021-02-03,368945,306,6386,3,0,54851,12517073,0.006,0,0,0,0,34813867,31.9,3.295,1.845,1.8,25.4,0.854
SAU,Asia,Saudi Arabia,2021-02-04,369248,303,6389,3,0,54056,12571129,0.006,0,0,0,0,34813867,31.9,3.295,1.845,1.8,25.4,0.854
SAU,Asia,Saudi Arabia,2021-02-05,369575,327,6393,4,0,45874,12617003,0.006,0,0,0,0,34813867,31.9,3.295,1.845,1.8,25.4,0.854
SAU,Asia,Saudi Arabia,2021-02-06,369961,386,6397,4,0,46166,12663169,0.006,0,0,0,0,34813867,31.9,3.295,1.845,1.8,25.4,0.854
SAU,Asia,Saudi Arabia,2021-02-07,370278,317,6402,5,0,48260,12711429,0.006,0,0,0,0,34813867,31.9,3.295,1.845,1.8,25.4,0.854
SAU,Asia,Saudi Arabia,2021-02-08,370634,356,6406,4,0,53039,12764468,0.007,0,0,0,0,34813867,31.9,3.295,1.845,1.8,25.4,0.854
SAU,Asia,Saudi Arabia,2021-02-09,370987,353,6410,4,0,50942,12815410,0.007,0,0,0,0,34813867,31.9,3.295,1.845,1.8,25.4,0.854
SAU,Asia,Saudi Arabia,2021-02-10,371356,369,6415,5,0,50339,12865749,0.007,444465,0,0,0,34813867,31.9,3.295,1.845,1.8,25.4,0.854
SAU,Asia,Saudi Arabia,2021-02-11,371720,364,6420,5,0,52454,12918203,0.007,0,0,0,0,34813867,31.9,3.295,1.845,1.8,25.4,0.854
SAU,Asia,Saudi Arabia,2021-02-12,372073,353,6424,4,0,46841,12965044,0.007,0,0,0,0,34813867,31.9,3.295,1.845,1.8,25.4,0.854
SAU,Asia,Saudi Arabia,2021-02-13,372410,337,6429,5,0,41465,13006509,0.007,446940,0,0,0,34813867,31.9,3.295,1.845,1.8,25.4,0.854
SAU,Asia,Saudi Arabia,2021-02-14,372732,322,6433,4,0,49060,13055569,0.007,0,0,0,0,34813867,31.9,3.295,1.845,1.8,25.4,0.854
SAU,Asia,Saudi Arabia,2021-02-15,373046,314,6438,5,0,52357,13107926,0.007,462812,0,0,0,34813867,31.9,3.295,1.845,1.8,25.4,0.854
SAU,Asia,Saudi Arabia,2021-02-16,373368,322,6441,3,0,49608,13157534,0.007,0,0,0,0,34813867,31.9,3.295,1.845,1.8,25.4,0.854
SAU,Asia,Saudi Arabia,2021-02-17,373702,334,6445,4,0,51419,13208953,0.007,501710,0,0,0,34813867,31.9,3.295,1.845,1.8,25.4,0.854
SAU,Asia,Saudi Arabia,2021-02-18,374029,327,6450,5,0,48779,13257732,0.007,0,0,0,0,34813867,31.9,3.295,1.845,1.8,25.4,0.854
SAU,Asia,Saudi Arabia,2021-02-19,374366,337,6454,4,0,38376,13296108,0.007,0,0,0,0,34813867,31.9,3.295,1.845,1.8,25.4,0.854
SAU,Asia,Saudi Arabia,2021-02-20,374691,325,6457,3,0,36218,13332326,0.007,0,0,0,0,34813867,31.9,3.295,1.845,1.8,25.4,0.854
SAU,Asia,Saudi Arabia,2021-02-21,375006,315,6461,4,0,41010,13373336,0.007,0,0,0,0,34813867,31.9,3.295,1.845,1.8,25.4,0.854
SAU,Asia,Saudi Arabia,2021-02-22,375333,327,6466,5,0,45080,13418416,0.007,600798,0,0,0,34813867,31.9,3.295,1.845,1.8,25.4,0.854
SAU,Asia,Saudi Arabia,2021-02-23,375668,335,6470,4,0,45388,13463804,0.008,0,0,0,0,34813867,31.9,3.295,1.845,1.8,25.4,0.854
SAU,Asia,Saudi Arabia,2021-02-24,376021,353,6475,5,0,45608,13509412,0.008,639587,0,0,0,34813867,31.9,3.295,1.845,1.8,25.4,0.854
SAU,Asia,Saudi Arabia,2021-02-25,376377,356,6480,5,0,45027,13554439,0.008,0,0,0,0,34813867,31.9,3.295,1.845,1.8,25.4,0.854
SAU,Asia,Saudi Arabia,2021-02-26,376723,346,6483,3,0,39707,13594146,0.008,0,0,0,0,34813867,31.9,3.295,1.845,1.8,25.4,0.854
SAU,Asia,Saudi Arabia,2021-02-27,377061,338,6488,5,0,38931,13633077,0.008,780667,0,0,0,34813867,31.9,3.295,1.845,1.8,25.4,0.854
SAU,Asia,Saudi Arabia,2021-02-28,377383,322,6494,6,0,47125,13680202,0.008,0,0,0,0,34813867,31.9,3.295,1.845,1.8,25.4,0.854
SAU,Asia,Saudi Arabia,2021-03-01,377700,317,6500,6,0,47290,13727492,0.008,885411,0,0,0,34813867,31.9,3.295,1.845,1.8,25.4,0.854
SAU,Asia,Saudi Arabia,2021-03-02,378002,302,6505,5,0,55082,13782574,0.007,1003287,0,0,117876,34813867,31.9,3.295,1.845,1.8,25.4,0.854
SAU,Asia,Saudi Arabia,2021-03-03,378333,331,6510,5,0,47118,13829692,0.007,0,0,0,0,34813867,31.9,3.295,1.845,1.8,25.4,0.854
SAU,Asia,Saudi Arabia,2021-03-04,378708,375,6514,4,0,52737,13882429,0.007,1182943,0,0,0,34813867,31.9,3.295,1.845,1.8,25.4,0.854
SAU,Asia,Saudi Arabia,2021-03-05,379092,384,6519,5,0,48078,13930507,0.007,1264878,0,0,81935,34813867,31.9,3.295,1.845,1.8,25.4,0.854
SAU,Asia,Saudi Arabia,2021-03-06,379474,382,6524,5,0,41701,13972208,0.007,0,0,0,0,34813867,31.9,3.295,1.845,1.8,25.4,0.854
SAU,Asia,Saudi Arabia,2021-03-07,379831,357,6528,4,0,47791,14019999,0.007,1332740,0,0,0,34813867,31.9,3.295,1.845,1.8,25.4,0.854
SAU,Asia,Saudi Arabia,2021-03-08,380182,351,6534,6,0,56118,14076117,0.007,1484935,0,0,152195,34813867,31.9,3.295,1.845,1.8,25.4,0.854
SAU,Asia,Saudi Arabia,2021-03-09,380572,390,6539,5,0,54425,14130542,0.007,1585770,0,0,100835,34813867,31.9,3.295,1.845,1.8,25.4,0.854
SAU,Asia,Saudi Arabia,2021-03-10,380958,386,6545,6,0,45261,14175803,0.008,1685881,0,0,100111,34813867,31.9,3.295,1.845,1.8,25.4,0.854
SAU,Asia,Saudi Arabia,2021-03-11,381348,390,6551,6,0,51656,14227459,0.008,1823819,0,0,137938,34813867,31.9,3.295,1.845,1.8,25.4,0.854
SAU,Asia,Saudi Arabia,2021-03-12,381708,360,6556,5,0,44953,14272412,0.008,1938934,0,0,115115,34813867,31.9,3.295,1.845,1.8,25.4,0.854
SAU,Asia,Saudi Arabia,2021-03-13,382059,351,6563,7,0,34731,14307143,0.008,2082780,0,0,143846,34813867,31.9,3.295,1.845,1.8,25.4,0.854
SAU,Asia,Saudi Arabia,2021-03-14,382407,348,6567,4,0,45647,14352790,0.008,2232110,0,0,149330,34813867,31.9,3.295,1.845,1.8,25.4,0.854
SAU,Asia,Saudi Arabia,2021-03-15,382752,345,6573,6,0,53290,14406080,0.008,2394182,0,0,162072,34813867,31.9,3.295,1.845,1.8,25.4,0.854
SAU,Asia,Saudi Arabia,2021-03-16,383106,354,6578,5,0,50403,14456483,0.008,2457425,0,0,63243,34813867,31.9,3.295,1.845,1.8,25.4,0.854
SAU,Asia,Saudi Arabia,2021-03-17,383499,393,6585,7,0,47139,14503622,0.008,2580949,0,0,123524,34813867,31.9,3.295,1.845,1.8,25.4,0.854
SAU,Asia,Saudi Arabia,2021-03-18,383880,381,6591,6,0,44257,14547879,0.008,2695966,0,0,115017,34813867,31.9,3.295,1.845,1.8,25.4,0.854
SAU,Asia,Saudi Arabia,2021-03-19,384271,391,6596,5,0,37402,14585281,0.008,2922436,0,0,226470,34813867,31.9,3.295,1.845,1.8,25.4,0.854
SAU,Asia,Saudi Arabia,2021-03-20,384653,382,6602,6,0,34727,14620008,0.008,3006419,0,0,83983,34813867,31.9,3.295,1.845,1.8,25.4,0.854
SAU,Asia,Saudi Arabia,2021-03-21,385020,367,6609,7,0,44161,14664169,0.008,3194715,0,0,188296,34813867,31.9,3.295,1.845,1.8,25.4,0.854
SAU,Asia,Saudi Arabia,2021-03-22,385424,404,6613,4,0,53823,14717992,0.009,3343287,0,0,148572,34813867,31.9,3.295,1.845,1.8,25.4,0.854
SAU,Asia,Saudi Arabia,2021-03-23,385834,410,6618,5,0,45877,14763869,0.009,3505695,0,0,162408,34813867,31.9,3.295,1.845,1.8,25.4,0.854
SAU,Asia,Saudi Arabia,2021-03-24,386300,466,6624,6,0,48937,14812806,0.009,3655546,0,0,149851,34813867,31.9,3.295,1.845,1.8,25.4,0.854
SAU,Asia,Saudi Arabia,2021-03-25,386782,482,6630,6,0,56431,14869237,0.009,3810698,0,0,155152,34813867,31.9,3.295,1.845,1.8,25.4,0.854
SAU,Asia,Saudi Arabia,2021-03-26,387292,510,6637,7,0,46328,14915565,0.009,3895858,0,0,85160,34813867,31.9,3.295,1.845,1.8,25.4,0.854
SAU,Asia,Saudi Arabia,2021-03-27,387794,502,6643,6,0,44058,14959623,0.009,4003477,0,0,107619,34813867,31.9,3.295,1.845,1.8,25.4,0.854
SAU,Asia,Saudi Arabia,2021-03-28,388325,531,6650,7,0,48775,15008398,0.01,4132630,0,0,129153,34813867,31.9,3.295,1.845,1.8,25.4,0.854
SAU,Asia,Saudi Arabia,2021-03-29,388866,541,6656,6,0,57626,15066024,0.01,4250055,0,0,117425,34813867,31.9,3.295,1.845,1.8,25.4,0.854
SAU,Asia,Saudi Arabia,2021-03-30,389422,556,6663,7,0,60088,15126112,0.01,4326576,0,0,76521,34813867,31.9,3.295,1.845,1.8,25.4,0.854
SAU,Asia,Saudi Arabia,2021-03-31,390007,585,6669,6,0,58199,15184311,0.01,4432572,0,0,105996,34813867,31.9,3.295,1.845,1.8,25.4,0.854
SAU,Asia,Saudi Arabia,2021-04-01,390597,590,6676,7,0,61083,15245394,0.01,4584006,0,0,151434,34813867,31.9,3.295,1.845,1.8,25.4,0.854
SAU,Asia,Saudi Arabia,2021-04-02,391325,728,6684,8,0,53777,15299171,0.011,4729235,0,0,145229,34813867,31.9,3.295,1.845,1.8,25.4,0.854
SAU,Asia,Saudi Arabia,2021-04-03,392009,684,6690,6,0,51414,15350585,0.011,4877442,0,0,148207,34813867,31.9,3.295,1.845,1.8,25.4,0.854
SAU,Asia,Saudi Arabia,2021-04-04,392682,673,6697,7,0,56906,15407491,0.011,5000120,0,0,122678,34813867,31.9,3.295,1.845,1.8,25.4,0.854
SAU,Asia,Saudi Arabia,2021-04-05,393377,695,6704,7,0,62432,15469923,0.011,5118039,0,0,117919,34813867,31.9,3.295,1.845,1.8,25.4,0.854
SAU,Asia,Saudi Arabia,2021-04-06,394169,792,6711,7,0,63992,15533915,0.012,5345625,0,0,227586,34813867,31.9,3.295,1.845,1.8,25.4,0.854
SAU,Asia,Saudi Arabia,2021-04-07,394952,783,6719,8,0,71946,15605861,0.012,5578229,0,0,232604,34813867,31.9,3.295,1.845,1.8,25.4,0.854
SAU,Asia,Saudi Arabia,2021-04-08,395854,902,6728,9,0,71044,15676905,0.012,5846745,0,0,268516,34813867,31.9,3.295,1.845,1.8,25.4,0.854
SAU,Asia,Saudi Arabia,2021-04-09,396758,904,6737,9,0,61640,15738545,0.012,5989026,0,0,142281,34813867,31.9,3.295,1.845,1.8,25.4,0.854
SAU,Asia,Saudi Arabia,2021-04-10,397636,878,6747,10,0,58897,15797442,0.013,6132124,0,0,143098,34813867,31.9,3.295,1.845,1.8,25.4,0.854
SAU,Asia,Saudi Arabia,2021-04-11,398435,799,6754,7,0,59793,15857235,0.013,6287432,0,0,155308,34813867,31.9,3.295,1.845,1.8,25.4,0.854
SAU,Asia,Saudi Arabia,2021-04-12,399277,842,6765,11,0,61853,15919088,0.013,6411162,0,0,123730,34813867,31.9,3.295,1.845,1.8,25.4,0.854
SAU,Asia,Saudi Arabia,2021-04-13,400228,951,6773,8,0,53931,15973019,0.014,6527823,0,0,116661,34813867,31.9,3.295,1.845,1.8,25.4,0.854
SAU,Asia,Saudi Arabia,2021-04-14,401157,929,6781,8,0,45843,16018862,0.015,6584000,0,0,56177,34813867,31.9,3.295,1.845,1.8,25.4,0.854
SAU,Asia,Saudi Arabia,2021-04-15,402142,985,6791,10,0,53744,16072606,0.016,6723186,0,0,139186,34813867,31.9,3.295,1.845,1.8,25.4,0.854
SAU,Asia,Saudi Arabia,2021-04-16,403106,964,6801,10,0,51126,16123732,0.016,6831440,0,0,108254,34813867,31.9,3.295,1.845,1.8,25.4,0.854
SAU,Asia,Saudi Arabia,2021-04-17,404054,948,6810,9,0,51225,16174957,0.017,6992242,0,0,160802,34813867,31.9,3.295,1.845,1.8,25.4,0.854
SAU,Asia,Saudi Arabia,2021-04-18,404970,916,6823,13,0,56583,16231540,0.017,7190402,0,0,198160,34813867,31.9,3.295,1.845,1.8,25.4,0.854
SAU,Asia,Saudi Arabia,2021-04-19,405940,970,6834,11,0,62069,16293609,0.018,7325016,0,0,134614,34813867,31.9,3.295,1.845,1.8,25.4,0.854
SAU,Asia,Saudi Arabia,2021-04-20,407010,1070,6846,12,0,58507,16352116,0.018,7459261,0,0,134245,34813867,31.9,3.295,1.845,1.8,25.4,0.854
SAU,Asia,Saudi Arabia,2021-04-21,408038,1028,6858,12,0,61923,16414039,0.017,7653634,0,0,194373,34813867,31.9,3.295,1.845,1.8,25.4,0.854
SAU,Asia,Saudi Arabia,2021-04-22,409093,1055,6869,11,0,63320,16477359,0.017,7809612,0,0,155978,34813867,31.9,3.295,1.845,1.8,25.4,0.854
SAU,Asia,Saudi Arabia,2021-04-23,410191,1098,6878,9,0,58733,16536092,0.017,7944950,0,0,135338,34813867,31.9,3.295,1.845,1.8,25.4,0.854
SAU,Asia,Saudi Arabia,2021-04-24,411263,1072,6887,9,0,50346,16586438,0.018,8059757,0,0,114807,34813867,31.9,3.295,1.845,1.8,25.4,0.854
SAU,Asia,Saudi Arabia,2021-04-25,412216,953,6900,13,0,57483,16643921,0.018,8263836,0,0,204079,34813867,31.9,3.295,1.845,1.8,25.4,0.854
SAU,Asia,Saudi Arabia,2021-04-26,413174,958,6913,13,0,64782,16708703,0.017,8488862,0,0,225026,34813867,31.9,3.295,1.845,1.8,25.4,0.854
SAU,Asia,Saudi Arabia,2021-04-27,414219,1045,6922,9,0,66185,16774888,0.017,8693407,0,0,204545,34813867,31.9,3.295,1.845,1.8,25.4,0.854
SAU,Asia,Saudi Arabia,2021-04-28,415281,1062,6935,13,0,63731,16838619,0.017,8880219,0,0,186812,34813867,31.9,3.295,1.845,1.8,25.4,0.854
SAU,Asia,Saudi Arabia,2021-04-29,416307,1026,6946,11,0,65194,16903813,0.017,9032921,0,0,152702,34813867,31.9,3.295,1.845,1.8,25.4,0.854
SAU,Asia,Saudi Arabia,2021-04-30,417363,1056,6957,11,0,65454,16969267,0.017,9343991,0,0,311070,34813867,31.9,3.295,1.845,1.8,25.4,0.854
SAU,Asia,Saudi Arabia,2021-05-01,418411,1048,6968,11,0,62447,17031714,0.016,9488912,0,0,144921,34813867,31.9,3.295,1.845,1.8,25.4,0.854
SAU,Asia,Saudi Arabia,2021-05-02,419348,937,6979,11,0,65317,17097031,0.016,9655519,0,0,166607,34813867,31.9,3.295,1.845,1.8,25.4,0.854
SAU,Asia,Saudi Arabia,2021-05-03,420301,953,6992,13,0,68997,17166028,0.016,9772409,0,0,116890,34813867,31.9,3.295,1.845,1.8,25.4,0.854
SAU,Asia,Saudi Arabia,2021-05-04,421300,999,7006,14,0,72118,17238146,0.015,9838285,0,0,65876,34813867,31.9,3.295,1.845,1.8,25.4,0.854
SAU,Asia,Saudi Arabia,2021-05-05,422316,1016,7018,12,0,76717,17314863,0.015,9949971,0,0,111686,34813867,31.9,3.295,1.845,1.8,25.4,0.854
SAU,Asia,Saudi Arabia,2021-05-06,423406,1090,7032,14,0,74940,17389803,0.015,10110907,0,0,160936,34813867,31.9,3.295,1.845,1.8,25.4,0.854
SAU,Asia,Saudi Arabia,2021-05-07,424445,1039,7045,13,0,69482,17459285,0.014,10271299,0,0,160392,34813867,31.9,3.295,1.845,1.8,25.4,0.854
SAU,Asia,Saudi Arabia,2021-05-08,425442,997,7059,14,0,67980,17527265,0.014,10441854,0,0,170555,34813867,31.9,3.295,1.845,1.8,25.4,0.854
SAU,Asia,Saudi Arabia,2021-05-09,426384,942,7072,13,0,70822,17598087,0.014,10629320,0,0,187466,34813867,31.9,3.295,1.845,1.8,25.4,0.854
SAU,Asia,Saudi Arabia,2021-05-10,427370,986,7085,13,0,71792,17669879,0.014,10758710,0,0,129390,34813867,31.9,3.295,1.845,1.8,25.4,0.854
SAU,Asia,Saudi Arabia,2021-05-11,428369,999,7098,13,0,71040,17740919,0.014,10960820,0,0,202110,34813867,31.9,3.295,1.845,1.8,25.4,0.854
SAU,Asia,Saudi Arabia,2021-05-12,429389,1020,7111,13,0,71457,17812376,0.014,11098788,0,0,137968,34813867,31.9,3.295,1.845,1.8,25.4,0.854
SAU,Asia,Saudi Arabia,2021-05-13,430505,1116,7122,11,0,56495,17868871,0.015,11195164,0,0,96376,34813867,31.9,3.295,1.845,1.8,25.4,0.854
SAU,Asia,Saudi Arabia,2021-05-14,431432,927,7134,12,0,47586,17916457,0.015,11312391,0,0,117227,34813867,31.9,3.295,1.845,1.8,25.4,0.854
SAU,Asia,Saudi Arabia,2021-05-15,432269,837,7147,13,0,54049,17970506,0.015,11489358,0,0,176967,34813867,31.9,3.295,1.845,1.8,25.4,0.854
SAU,Asia,Saudi Arabia,2021-05-16,433094,825,7162,15,0,61665,18032171,0.015,11668767,0,0,179409,34813867,31.9,3.295,1.845,1.8,25.4,0.854
SAU,Asia,Saudi Arabia,2021-05-17,433980,886,7174,12,0,73933,18106104,0.015,11828549,0,0,159782,34813867,31.9,3.295,1.845,1.8,25.4,0.854
SAU,Asia,Saudi Arabia,2021-05-18,435027,1047,7188,14,0,88859,18194963,0.015,12020008,0,0,191459,34813867,31.9,3.295,1.845,1.8,25.4,0.854
SAU,Asia,Saudi Arabia,2021-05-19,436239,1212,7201,13,0,93896,18288859,0.014,12225726,0,0,205718,34813867,31.9,3.295,1.845,1.8,25.4,0.854
SAU,Asia,Saudi Arabia,2021-05-20,437569,1330,7214,13,0,81678,18370537,0.014,12436389,0,0,210663,34813867,31.9,3.295,1.845,1.8,25.4,0.854
SAU,Asia,Saudi Arabia,2021-05-21,438705,1136,7224,10,0,78608,18449145,0.014,12616680,0,0,180291,34813867,31.9,3.295,1.845,1.8,25.4,0.854
SAU,Asia,Saudi Arabia,2021-05-22,439847,1142,7237,13,0,77269,18526414,0.014,12791781,0,0,175101,34813867,31.9,3.295,1.845,1.8,25.4,0.854
SAU,Asia,Saudi Arabia,2021-05-23,440914,1067,7249,12,0,81094,18607508,0.014,12882532,0,0,90751,34813867,31.9,3.295,1.845,1.8,25.4,0.854
SAU,Asia,Saudi Arabia,2021-05-24,442071,1157,7264,15,0,88182,18695690,0.014,13013462,0,0,130930,34813867,31.9,3.295,1.845,1.8,25.4,0.854
SAU,Asia,Saudi Arabia,2021-05-25,443460,1389,7278,14,0,93145,18788835,0.014,13183309,0,0,169847,34813867,31.9,3.295,1.845,1.8,25.4,0.854
SAU,Asia,Saudi Arabia,2021-05-26,444780,1320,7295,17,0,86629,18875464,0.015,13401177,0,0,217868,34813867,31.9,3.295,1.845,1.8,25.4,0.854
SAU,Asia,Saudi Arabia,2021-05-27,445963,1183,7309,14,0,92566,18968030,0.014,13583574,0,0,182397,34813867,31.9,3.295,1.845,1.8,25.4,0.854
SAU,Asia,Saudi Arabia,2021-05-28,447178,1215,7320,11,0,78087,19046117,0.014,13723119,0,0,139545,34813867,31.9,3.295,1.845,1.8,25.4,0.854
SAU,Asia,Saudi Arabia,2021-05-29,448284,1106,7334,14,0,76003,19122120,0.014,13828247,0,0,105128,34813867,31.9,3.295,1.845,1.8,25.4,0.854
SAU,Asia,Saudi Arabia,2021-05-30,449191,907,7347,13,0,92458,19214578,0.014,14043763,0,0,215516,34813867,31.9,3.295,1.845,1.8,25.4,0.854
SAU,Asia,Saudi Arabia,2021-05-31,450436,1245,7362,15,0,92433,19307011,0.014,14208292,0,0,164529,34813867,31.9,3.295,1.845,1.8,25.4,0.854
SAU,Asia,Saudi Arabia,2021-06-01,451687,1251,7377,15,0,93209,19400220,0.013,14331774,0,0,123482,34813867,31.9,3.295,1.845,1.8,25.4,0.854
SAU,Asia,Saudi Arabia,2021-06-02,452956,1269,7393,16,0,96230,19496450,0.013,14512466,0,0,180692,34813867,31.9,3.295,1.845,1.8,25.4,0.854
SAU,Asia,Saudi Arabia,2021-06-03,454217,1261,7408,15,0,96393,19592843,0.013,14629297,0,0,116831,34813867,31.9,3.295,1.845,1.8,25.4,0.854
SAU,Asia,Saudi Arabia,2021-06-04,455418,1201,7424,16,0,83768,19676611,0.013,14731457,0,0,102160,34813867,31.9,3.295,1.845,1.8,25.4,0.854
SAU,Asia,Saudi Arabia,2021-06-05,456562,1144,7440,16,0,73955,19750566,0.013,14843196,0,0,111739,34813867,31.9,3.295,1.845,1.8,25.4,0.854
SAU,Asia,Saudi Arabia,2021-06-06,457546,984,7456,16,0,86073,19836639,0.013,14977476,0,0,134280,34813867,31.9,3.295,1.845,1.8,25.4,0.854
SAU,Asia,Saudi Arabia,2021-06-07,458707,1161,7471,15,0,92398,19929037,0.013,15099896,0,0,122420,34813867,31.9,3.295,1.845,1.8,25.4,0.854
SAU,Asia,Saudi Arabia,2021-06-08,459968,1261,7488,17,0,92124,20021161,0.013,15221683,0,0,121787,34813867,31.9,3.295,1.845,1.8,25.4,0.854
SAU,Asia,Saudi Arabia,2021-06-09,461242,1274,7503,15,0,92227,20113388,0.013,15361514,0,0,139831,34813867,31.9,3.295,1.845,1.8,25.4,0.854
SAU,Asia,Saudi Arabia,2021-06-10,461242,0,7503,0,0,90559,20203947,0.011,15495105,0,0,133591,34813867,31.9,3.295,1.845,1.8,25.4,0.854
SAU,Asia,Saudi Arabia,2021-06-11,463703,2461,7537,34,0,75059,20279006,0.014,15605844,0,0,110739,34813867,31.9,3.295,1.845,1.8,25.4,0.854
SAU,Asia,Saudi Arabia,2021-06-12,464780,1077,7553,16,0,76549,20355555,0.014,15706724,0,0,100880,34813867,31.9,3.295,1.845,1.8,25.4,0.854
SAU,Asia,Saudi Arabia,2021-06-13,465797,1017,7572,19,0,83368,20438923,0.014,15836419,0,0,129695,34813867,31.9,3.295,1.845,1.8,25.4,0.854
SAU,Asia,Saudi Arabia,2021-06-14,466906,1109,7590,18,0,87880,20526803,0.014,15984268,0,0,147849,34813867,31.9,3.295,1.845,1.8,25.4,0.854
SAU,Asia,Saudi Arabia,2021-06-15,468175,1269,7606,16,0,90874,20617677,0.014,16109908,0,0,125640,34813867,31.9,3.295,1.845,1.8,25.4,0.854
SAU,Asia,Saudi Arabia,2021-06-16,469414,1239,7621,15,0,94921,20712598,0.014,16227887,0,0,117979,34813867,31.9,3.295,1.845,1.8,25.4,0.854
SAU,Asia,Saudi Arabia,2021-06-17,470723,1309,7635,14,0,86695,20799293,0.016,16362898,0,0,135011,34813867,31.9,3.295,1.845,1.8,25.4,0.854
SAU,Asia,Saudi Arabia,2021-06-18,471959,1236,7650,15,0,77831,20877124,0.014,16457176,0,0,94278,34813867,31.9,3.295,1.845,1.8,25.4,0.854
SAU,Asia,Saudi Arabia,2021-06-19,473112,1153,7663,13,0,84652,20961776,0.014,16548174,0,0,90998,34813867,31.9,3.295,1.845,1.8,25.4,0.854
SAU,Asia,Saudi Arabia,2021-06-20,474191,1079,7677,14,0,75117,21036893,0.014,16649095,0,0,100921,34813867,31.9,3.295,1.845,1.8,25.4,0.854
SAU,Asia,Saudi Arabia,2021-06-21,475403,1212,7691,14,0,97195,21134088,0.014,16735649,0,0,86554,34813867,31.9,3.295,1.845,1.8,25.4,0.854
SAU,Asia,Saudi Arabia,2021-06-22,476882,1479,7703,12,0,85027,21219115,0.014,16847375,0,0,111726,34813867,31.9,3.295,1.845,1.8,25.4,0.854
SAU,Asia,Saudi Arabia,2021-06-23,478135,1253,7716,13,0,91021,21310136,0.015,16933104,0,0,85729,34813867,31.9,3.295,1.845,1.8,25.4,0.854
SAU,Asia,Saudi Arabia,2021-06-24,479390,1255,7730,14,0,103820,21413956,0.014,17035094,0,0,101990,34813867,31.9,3.295,1.845,1.8,25.4,0.854
SAU,Asia,Saudi Arabia,2021-06-25,480702,1312,7743,13,0,92192,21506148,0.014,17108638,0,0,73544,34813867,31.9,3.295,1.845,1.8,25.4,0.854
SAU,Asia,Saudi Arabia,2021-06-26,482003,1301,7760,17,0,95396,21601544,0.014,17217116,0,0,108478,34813867,31.9,3.295,1.845,1.8,25.4,0.854
SAU,Asia,Saudi Arabia,2021-06-27,483221,1218,7775,15,0,86824,21688368,0.014,17339253,0,0,122137,34813867,31.9,3.295,1.845,1.8,25.4,0.854
SAU,Asia,Saudi Arabia,2021-06-28,484539,1318,7789,14,0,0,0,0,17487842,0,0,148589,34813867,31.9,3.295,1.845,1.8,25.4,0.854
SAU,Asia,Saudi Arabia,2021-06-29,486106,1567,7804,15,0,0,0,0,17671943,0,0,184101,34813867,31.9,3.295,1.845,1.8,25.4,0.854
SAU,Asia,Saudi Arabia,2021-06-30,486106,0,7804,0,0,0,0,0,17880870,0,0,208927,34813867,31.9,3.295,1.845,1.8,25.4,0.854
